;Description;Collection Description;Panel;Product;Software;Organism;Cells or Nuclei;Preservation Method;Staining Method;Biomaterial Type;Donor Count;Development Stage;Instrument(s);Publication Date;Replicate;Assay;License;Tissue;Chemistry Version;Modality;Disease;Disease Details;Analysis Steps;Dataset Url
10u63;Xenium Human Brain Cancer;Xenium Human Brain Cancer;Human Immuno-Oncology Profiling Panel and Custom Add-on;In Situ Gene Expression;Xenium Onboard Analysis v2.0.0;Human;Cells;FFPE;;Specimen from Organism;1;adult stage;Xenium Analyzer;2024-04-15;;Xenium;Creative Commons Attribution 4.0 International;brain;Xenium v1;RNA;glioblastoma multiforme;;;https://www.10xgenomics.com/datasets/ffpe-human-brain-cancer-data-with-human-immuno-oncology-profiling-panel-and-custom-add-on-1-standard
106xa;Xenium Mouse Bone Data;Xenium Mouse Bone - Decalcification Comparison;Mouse Bone Data with Custom Add-on Panel;In Situ Gene Expression;Xenium Onboard Analysis v1.9.0;Mouse;Cells;FFPE;;Specimen from Organism;3;adult stage;Xenium Analyzer;2024-04-03;10% Formic acid decalcification;Xenium;Creative Commons Attribution 4.0 International;bone;Xenium v1;RNA;unknown;;;https://www.10xgenomics.com/datasets/mouse-bone-data-with-custom-add-on-panel-1-standard
10n1k;Xenium Mouse Bone Data;Xenium Mouse Bone - Decalcification Comparison;Mouse Bone Data with Custom Add-on Panel;In Situ Gene Expression;Xenium Onboard Analysis v1.9.0;Mouse;Cells;FFPE;;Specimen from Organism;3;adult stage;Xenium Analyzer;2024-04-03;0.5M EDTA decalcification;Xenium;Creative Commons Attribution 4.0 International;bone;Xenium v1;RNA;unknown;;;https://www.10xgenomics.com/datasets/mouse-bone-data-with-custom-add-on-panel-1-standard
10ndm;Xenium Mouse Bone Data;Xenium Mouse Bone - Decalcification Comparison;Mouse Bone Data with Custom Add-on Panel;In Situ Gene Expression;Xenium Onboard Analysis v1.9.0;Mouse;Cells;FFPE;;Specimen from Organism;3;adult stage;Xenium Analyzer;2024-04-03;15% EDTA/0.4% PFA decalcification;Xenium;Creative Commons Attribution 4.0 International;bone;Xenium v1;RNA;unknown;;;https://www.10xgenomics.com/datasets/mouse-bone-data-with-custom-add-on-panel-1-standard
10nsr;Xenium Human;Xenium Human Bone and Bone Marrow Data with Custom Add-on Panel;Human Bone and Bone Marrow Data with Custom Add-on Panel;In Situ Gene Expression;Xenium Onboard Analysis v1.9.0;Human;Cells;FFPE;;Specimen from Organism;3;adult stage;Xenium Analyzer;2024-04-03;Acute Lymphoid Leukemia Bone Marrow;Xenium;Creative Commons Attribution 4.0 International;bone marrow;Xenium v1;RNA;acute lymphoid leukemia;;;https://www.10xgenomics.com/datasets/human-bone-and-bone-marrow-data-with-custom-add-on-panel-1-standard
10040;Xenium Human;Xenium Human Bone and Bone Marrow Data with Custom Add-on Panel;Human Bone and Bone Marrow Data with Custom Add-on Panel;In Situ Gene Expression;Xenium Onboard Analysis v1.9.0;Human;Cells;FFPE;;Specimen from Organism;3;adult stage;Xenium Analyzer;2024-04-03;Non-diseased Bone Marrow;Xenium;Creative Commons Attribution 4.0 International;bone marrow;Xenium v1;RNA;acute lymphoid leukemia;;;https://www.10xgenomics.com/datasets/human-bone-and-bone-marrow-data-with-custom-add-on-panel-1-standard
10pui;Xenium Human;Xenium Human Bone and Bone Marrow Data with Custom Add-on Panel;Human Bone and Bone Marrow Data with Custom Add-on Panel;In Situ Gene Expression;Xenium Onboard Analysis v1.9.0;Human;Cells;FFPE;;Specimen from Organism;3;adult stage;Xenium Analyzer;2024-04-03;Non-diseased Femur Bone;Xenium;Creative Commons Attribution 4.0 International;bone marrow;Xenium v1;RNA;acute lymphoid leukemia;;;https://www.10xgenomics.com/datasets/human-bone-and-bone-marrow-data-with-custom-add-on-panel-1-standard
10sja;Fresh Frozen Mouse Colon with Xenium Multimodal Cell Segmentation;Fresh Frozen Mouse Colon with Xenium Multimodal Cell Segmentation;;In Situ Gene Expression;Xenium Onboard Analysis v2.0.0;Mouse;Cells;Fresh Frozen;;Specimen from Organism;1;adult stage;Xenium Analyzer;2024-03-19;;Xenium;Creative Commons Attribution 4.0 International;colon;Xenium v1;RNA;unknown;;;https://www.10xgenomics.com/datasets/fresh-frozen-mouse-colon-with-xenium-multimodal-cell-segmentation-1-standard
10i70;FFPE Human Pancreas;Xenium Multimodal Cell Segmentation;;In Situ Gene Expression;Xenium Onboard Analysis v2.0.0;Human;Cells;FFPE;;Specimen from Organism;1;adult stage;Xenium Analyzer;2024-03-19;;Xenium;Creative Commons Attribution 4.0 International;pancreas;Xenium v1;RNA;unknown;;;https://www.10xgenomics.com/datasets/ffpe-human-pancreas-with-xenium-multimodal-cell-segmentation-1-standard
10uxy;FFPE Human Lung Cancer;Xenium Multimodal Cell Segmentation;;In Situ Gene Expression;Xenium Onboard Analysis v2.0.0;Human;Cells;FFPE;;Specimen from Organism;1;adult stage;Xenium Analyzer;2024-02-05;;Xenium;Creative Commons Attribution 4.0 International;lung;Xenium v1;RNA;lung cancer;;;https://www.10xgenomics.com/datasets/preview-data-ffpe-human-lung-cancer-with-xenium-multimodal-cell-segmentation-1-standard
10arp;Xenium Human Tonsil;Xenium Human Follicular Hyperplasia;Xenium Human Multi-Tissue and Cancer Panel;In Situ Gene Expression;Xenium Onboard Analysis v1.9.0;Human;Cells;FFPE;;Specimen from Organism;2;adult stage;Xenium Analyzer;2024-03-05;Reactive follicular hyperplasia;Xenium;Creative Commons Attribution 4.0 International;tonsil;Xenium v1;RNA;follicular hyperplasia;;;https://www.10xgenomics.com/datasets/human-tonsil-data-xenium-human-multi-tissue-and-cancer-panel-1-standard
1020d;Xenium Human Tonsil;Xenium Human Follicular Hyperplasia;Xenium Human Multi-Tissue and Cancer Panel;In Situ Gene Expression;Xenium Onboard Analysis v1.9.0;Human;Cells;FFPE;;Specimen from Organism;2;adult stage;Xenium Analyzer;2024-03-05;Follicular lymphoid hyperplasia;Xenium;Creative Commons Attribution 4.0 International;tonsil;Xenium v1;RNA;follicular hyperplasia;;;https://www.10xgenomics.com/datasets/human-tonsil-data-xenium-human-multi-tissue-and-cancer-panel-1-standard
10k3x;Xenium Human Skin;Xenium Human Skin 2 Replicates;Xenium Human Multi-Tissue and Cancer Panel;In Situ Gene Expression;Xenium Onboard Analysis v1.9.0;Human;Cells;FFPE;;Specimen from Organism;2;adult stage;Xenium Analyzer;2024-03-05;Sample 1;Xenium;Creative Commons Attribution 4.0 International;skin;Xenium v1;RNA;healthy;;;https://www.10xgenomics.com/datasets/human-skin-data-xenium-human-multi-tissue-and-cancer-panel-1-standard
10ae2;Xenium Human Skin;Xenium Human Skin 2 Replicates;Xenium Human Multi-Tissue and Cancer Panel;In Situ Gene Expression;Xenium Onboard Analysis v1.9.0;Human;Cells;FFPE;;Specimen from Organism;2;adult stage;Xenium Analyzer;2024-03-05;Sample 2;Xenium;Creative Commons Attribution 4.0 International;skin;Xenium v1;RNA;healthy;;;https://www.10xgenomics.com/datasets/human-skin-data-xenium-human-multi-tissue-and-cancer-panel-1-standard
1074f;Human Liver Data;Human Liver Cancer and Non-Diseased;Xenium Human Multi-Tissue and Cancer Panel;In Situ Gene Expression;Xenium Onboard Analysis v1.9.0;Human;Cells;FFPE;;Specimen from Organism;2;adult stage;Xenium Analyzer;2024-03-05;Non-diseased;Xenium;Creative Commons Attribution 4.0 International;liver;Xenium v1;RNA;healthy;;;https://www.10xgenomics.com/datasets/human-liver-data-xenium-human-multi-tissue-and-cancer-panel-1-standard
108dr;Human Liver Data;Human Liver Cancer and Non-Diseased;Xenium Human CMulti-Tissue and Cancer Panel;In Situ Gene Expression;Xenium Onboard Analysis v1.9.0;Human;Cells;FFPE;;Specimen from Organism;2;adult stage;Xenium Analyzer;2024-03-05;Liver cancer;Xenium;Creative Commons Attribution 4.0 International;liver;Xenium v1;RNA;liver cancer;;;https://www.10xgenomics.com/datasets/human-liver-data-xenium-human-multi-tissue-and-cancer-panel-1-standard
10wmu;Xenium Human Heart;Xenium Human Heart;Xenium Human Multi-Tissue and Cancer Panel;In Situ Gene Expression;Xenium Onboard Analysis v1.9.0;Human;Cells;FFPE;;Specimen from Organism;1;adult stage;Xenium Analyzer;2024-03-05;;Xenium;Creative Commons Attribution 4.0 International;heart;Xenium v1;RNA;healthy;;;https://www.10xgenomics.com/datasets/human-heart-data-xenium-human-multi-tissue-and-cancer-panel-1-standard
102cy;Human Skin;Xenium Human Skin w/wo Custom Add-On Panel;Xenium Human Skin Gene Expression Panel;In Situ Gene Expression;Xenium Onboard Analysis v1.6.0;Human;Cells;FFPE;;Specimen from Organism;1;adult stage;Xenium Analyzer;2023-09-18;Xenium Human Skin Gene Expression Panel;Xenium;Creative Commons Attribution 4.0 International;skin;Xenium v1;RNA;melanoma;;;https://www.10xgenomics.com/datasets/human-skin-preview-data-xenium-human-skin-gene-expression-panel-1-standard
10zwi;Human Skin;Xenium Human Skin w/wo Custom Add-On Panel;Xenium Human Skin Gene Expression Panel with Custom Add-On;In Situ Gene Expression;Xenium Onboard Analysis v1.7.0;Human;Cells;FFPE;;Specimen from Organism;1;adult stage;Xenium Analyzer;2023-12-07;Xenium Human Skin Gene Expression Panel with Custom Add-On;Xenium;Creative Commons Attribution 4.0 International;skin;Xenium v1;RNA;melanoma;;;https://www.10xgenomics.com/datasets/human-skin-preview-data-xenium-human-skin-gene-expression-panel-add-on-1-standard
10fyx;Pancreatic Cancer;Pancreatic Cancer;Xenium Human Multi-Tissue and Cancer Panel;In Situ Gene Expression;Xenium Onboard Analysis v1.6.0;Human;Cells;FFPE;;Specimen from Organism;1;adult stage;Xenium Analyzer;2023-11-16;;Xenium;Creative Commons Attribution 4.0 International;pancreas;Xenium v1;RNA;pancreatic cancer;;;https://www.10xgenomics.com/datasets/pancreatic-cancer-with-xenium-human-multi-tissue-and-cancer-panel-1-standard
10tei;Human Colon Cancer (FFPE);Visium CytAssist Gene Expression of Post-Xenium vs Control;;Spatial Gene Expression;Space Ranger v2.1.0;Human;unknown;FFPE;;Specimen from Organism;1;unknown;Visium CytAssist;2023-10-05;Post-Xenium, Replicate 1;Visium;Creative Commons Attribution 4.0 International;colon;Visium CytAssist v2;RNA;adenocarcinoma;stage IIA;spaceranger count;https://www.10xgenomics.com/datasets/visium-cytassist-gene-expression-libraries-of-post-xenium-human-colon-cancer-ffpe-using-the-human-whole-transcriptome-probe-set-2-standard
10jfe;Human Colon Cancer (FFPE);Visium CytAssist Gene Expression of Post-Xenium vs Control;;Spatial Gene Expression;Space Ranger v2.1.0;Human;unknown;FFPE;;Specimen from Organism;1;unknown;Visium CytAssist;2023-10-05;Post-Xenium, Replicate 2;Visium;Creative Commons Attribution 4.0 International;colon;Visium CytAssist v2;RNA;adenocarcinoma;stage IIA;spaceranger count;https://www.10xgenomics.com/datasets/visium-cytassist-gene-expression-libraries-of-post-xenium-human-colon-cancer-ffpe-using-the-human-whole-transcriptome-probe-set-2-standard
10e5i;Human Colon Cancer (FFPE);Visium CytAssist Gene Expression of Post-Xenium vs Control;;Spatial Gene Expression;Space Ranger v2.1.0;Human;unknown;FFPE;;Specimen from Organism;1;unknown;Visium CytAssist;2023-10-05;Control, Replicate 1;Visium;Creative Commons Attribution 4.0 International;colon;Visium CytAssist v2;RNA;adenocarcinoma;stage IIA;spaceranger count;https://www.10xgenomics.com/datasets/visium-cytassist-gene-expression-libraries-of-post-xenium-human-colon-cancer-ffpe-using-the-human-whole-transcriptome-probe-set-2-standard
1065r;Human Colon Cancer (FFPE);Visium CytAssist Gene Expression of Post-Xenium vs Control;;Spatial Gene Expression;Space Ranger v2.1.0;Human;unknown;FFPE;;Specimen from Organism;1;unknown;Visium CytAssist;2023-10-05;Control, Replicate 2;Visium;Creative Commons Attribution 4.0 International;colon;Visium CytAssist v2;RNA;adenocarcinoma;stage IIA;spaceranger count;https://www.10xgenomics.com/datasets/visium-cytassist-gene-expression-libraries-of-post-xenium-human-colon-cancer-ffpe-using-the-human-whole-transcriptome-probe-set-2-standard
10caf;Mouse Brain (FF);Visium CytAssist Gene Expression of Post-Xenium vs Control;;Spatial Gene Expression;Space Ranger v2.1.0;Mouse;unknown;Fresh Frozen;;Specimen from Organism;1;unknown;Visium CytAssist;2023-10-05;Post-Xenium, Replicate 1;Visium;Creative Commons Attribution 4.0 International;brain;Visium CytAssist v2;RNA;;;spaceranger count;https://www.10xgenomics.com/datasets/visium-cytassist-gene-expression-libraries-of-post-xenium-mouse-brain-ff-using-the-mouse-whole-transcriptome-probe-set-2-standard
105k3;Mouse Brain (FF);Visium CytAssist Gene Expression of Post-Xenium vs Control;;Spatial Gene Expression;Space Ranger v2.1.0;Mouse;unknown;Fresh Frozen;;Specimen from Organism;1;unknown;Visium CytAssist;2023-10-05;Post-Xenium, Replicate 2;Visium;Creative Commons Attribution 4.0 International;brain;Visium CytAssist v2;RNA;;;spaceranger count;https://www.10xgenomics.com/datasets/visium-cytassist-gene-expression-libraries-of-post-xenium-mouse-brain-ff-using-the-mouse-whole-transcriptome-probe-set-2-standard
10ps4;Mouse Brain (FF);Visium CytAssist Gene Expression of Post-Xenium vs Control;;Spatial Gene Expression;Space Ranger v2.1.0;Mouse;unknown;Fresh Frozen;;Specimen from Organism;1;unknown;Visium CytAssist;2023-10-05;Control, Replicate 1;Visium;Creative Commons Attribution 4.0 International;brain;Visium CytAssist v2;RNA;;;spaceranger count;https://www.10xgenomics.com/datasets/visium-cytassist-gene-expression-libraries-of-post-xenium-mouse-brain-ff-using-the-mouse-whole-transcriptome-probe-set-2-standard
10ha9;Mouse Brain (FF);Visium CytAssist Gene Expression of Post-Xenium vs Control;;Spatial Gene Expression;Space Ranger v2.1.0;Mouse;unknown;Fresh Frozen;;Specimen from Organism;1;unknown;Visium CytAssist;2023-10-05;Control, Replicate 2;Visium;Creative Commons Attribution 4.0 International;brain;Visium CytAssist v2;RNA;;;spaceranger count;https://www.10xgenomics.com/datasets/visium-cytassist-gene-expression-libraries-of-post-xenium-mouse-brain-ff-using-the-mouse-whole-transcriptome-probe-set-2-standard
10tsy;Human Colon Data;Xenium Colon Cancer With Different Panel Designs;Xenium Human Colon Gene Expression Panel;In Situ Gene Expression;Xenium Onboard Analysis v1.6.0;Human;Cells;FFPE;;Specimen from Organism;2;adult stage;Xenium Analyzer;2023-08-29;Non-Diseased, Pre-Designed Panel;Xenium;Creative Commons Attribution 4.0 International;colon;Xenium v1;RNA;healthy;;;https://www.10xgenomics.com/datasets/human-colon-preview-data-xenium-human-colon-gene-expression-panel-1-standard
101t3;Human Colon Data;Xenium Colon Cancer With Different Panel Designs;Xenium Human Colon Gene Expression Panel;In Situ Gene Expression;Xenium Onboard Analysis v1.6.0;Human;Cells;FFPE;;Specimen from Organism;2;adult stage;Xenium Analyzer;2023-08-29;Non-Diseased, Pre-Designed + Add-On Panel;Xenium;Creative Commons Attribution 4.0 International;colon;Xenium v1;RNA;healthy;;;https://www.10xgenomics.com/datasets/human-colon-preview-data-xenium-human-colon-gene-expression-panel-1-standard
10ah4;Human Colon Data;Xenium Colon Cancer With Different Panel Designs;Xenium Human Colon Gene Expression Panel;In Situ Gene Expression;Xenium Onboard Analysis v1.6.0;Human;Cells;FFPE;;Specimen from Organism;2;adult stage;Xenium Analyzer;2023-08-29;Cancer, Pre-Designed Panel;Xenium;Creative Commons Attribution 4.0 International;colon;Xenium v1;RNA;adenocarcinoma;;;https://www.10xgenomics.com/datasets/human-colon-preview-data-xenium-human-colon-gene-expression-panel-1-standard
10zm9;Human Colon Data;Xenium Colon Cancer With Different Panel Designs;Xenium Human Colon Gene Expression Panel;In Situ Gene Expression;Xenium Onboard Analysis v1.6.0;Human;Cells;FFPE;;Specimen from Organism;2;adult stage;Xenium Analyzer;2023-08-29;Cancer, Pre-Designed + Add-On Panel;Xenium;Creative Commons Attribution 4.0 International;colon;Xenium v1;RNA;adenocarcinoma;;;https://www.10xgenomics.com/datasets/human-colon-preview-data-xenium-human-colon-gene-expression-panel-1-standard
10jr4;Human Tonsil Gene and Protein Expression, CytAssist 6.5 mm;Human Tonsil Gene and Protein Expression, CytAssist 6.5 mm;Visium CytAssist Gene and Protein Expression Library of Human Tonsil with Add-on Antibodies;CytAssist Spatial Gene and Protein Expression;Space Ranger v2.1.0;Human;unknown;FFPE;H&E;Specimen from Organism;1;unknown;Visium CytAssist;2023-08-24;;Visium;Creative Commons Attribution 4.0 International;tonsil;Visium CytAssist v2;RNA|protein;;;spaceranger count;https://www.10xgenomics.com/datasets/visium-cytassist-gene-and-protein-expression-library-of-human-tonsil-with-add-on-antibodies-h-e-6-5-mm-ffpe-2-standard
10pa3;Whole Mouse Pup Data;Whole Mouse Pup Data;Xenium Mouse Tissue Atlassing Panel;In Situ Gene Expression;Xenium Onboard Analysis v1.6.0;Mouse;Cells;FFPE;H&E;Specimen from Organism;1;1-7 days;Xenium Analyzer;2023-08-18;;Xenium;Creative Commons Attribution 4.0 International;whole organism;Xenium v1;RNA;unknown;;;https://www.10xgenomics.com/datasets/mouse-pup-preview-data-xenium-mouse-tissue-atlassing-panel-1-standard
107sr;Human;Xenium Human Multi-Tissue and Cancer Panel;Xenium Human Multi-Tissue and Cancer Panel;In Situ Gene Expression;Xenium Onboard Analysis v1.5.0;Human;Cells;FFPE;;Specimen from Organism;1;adult stage;Xenium Analyzer;2023-07-17;Lung Cancer;Xenium;Creative Commons Attribution 4.0 International;lung;Xenium v1;RNA;carcinoma;;;https://www.10xgenomics.com/datasets/human-lung-cancer-preview-data-xenium-human-multi-tissue-and-cancer-panel-1-standard
103mf;Human;Xenium Human Multi-Tissue and Cancer Panel;Xenium Human Multi-Tissue and Cancer Panel;In Situ Gene Expression;Xenium Onboard Analysis v1.5.0;Human;Cells;FFPE;;Specimen from Organism;1;adult stage;Xenium Analyzer;2023-07-17;Lymph Node;Xenium;Creative Commons Attribution 4.0 International;lymph node;Xenium v1;RNA;healthy;;;https://www.10xgenomics.com/datasets/human-lymph-node-preview-data-xenium-human-multi-tissue-and-cancer-panel-1-standard
107yk;Human;Xenium Human Multi-Tissue and Cancer Panel;Xenium Human Multi-Tissue and Cancer Panel;In Situ Gene Expression;Xenium Onboard Analysis v1.5.0;Human;Cells;FFPE;;Specimen from Organism;1;adult stage;Xenium Analyzer;2023-07-17;Pancreas;Xenium;Creative Commons Attribution 4.0 International;pancreas;Xenium v1;RNA;cancer;;;https://www.10xgenomics.com/datasets/human-pancreas-preview-data-xenium-human-multi-tissue-and-cancer-panel-1-standard
1063i;Human;Xenium Human Multi-Tissue and Cancer Panel;Xenium Human Multi-Tissue and Cancer Panel;In Situ Gene Expression;Xenium Onboard Analysis v1.5.0;Human;Cells;FFPE;;Specimen from Organism;2;adult stage;Xenium Analyzer;2023-07-17;Non-diseased Kidney;Xenium;Creative Commons Attribution 4.0 International;kidney;Xenium v1;RNA;healthy;;;https://www.10xgenomics.com/datasets/human-kidney-preview-data-xenium-human-multi-tissue-and-cancer-panel-1-standard
10u89;Human;Xenium Human Multi-Tissue and Cancer Panel;Xenium Human Multi-Tissue and Cancer Panel;In Situ Gene Expression;Xenium Onboard Analysis v1.5.0;Human;Cells;FFPE;;Specimen from Organism;2;adult stage;Xenium Analyzer;2023-07-17;Kidney Cancer (PRCC);Xenium;Creative Commons Attribution 4.0 International;kidney;Xenium v1;RNA;papillary renal cell carcinoma;;;https://www.10xgenomics.com/datasets/human-kidney-preview-data-xenium-human-multi-tissue-and-cancer-panel-1-standard
10hhx;Xenium In Situ Analysis of Alzheimer's Disease Mouse Model;Xenium In Situ Analysis of Alzheimer's Disease Mouse Model Brain Coronal Sections from One Hemisphere Over a Time Course;;In Situ Gene Expression;Xenium Onboard Analysis v1.4.0;Mouse;unknown;FFPE;IF;Specimen from Organism;6;unknown;Xenium Analyzer;2023-07-13;TgCRND8 17.9 months;Xenium;Creative Commons Attribution 4.0 International;brain;Xenium v1;RNA;Alzheimer's-like pathology;;;https://www.10xgenomics.com/datasets/xenium-in-situ-analysis-of-alzheimers-disease-mouse-model-brain-coronal-sections-from-one-hemisphere-over-a-time-course-1-standard
10kyp;Xenium In Situ Analysis of Alzheimer's Disease Mouse Model;Xenium In Situ Analysis of Alzheimer's Disease Mouse Model Brain Coronal Sections from One Hemisphere Over a Time Course;;In Situ Gene Expression;Xenium Onboard Analysis v1.4.0;Mouse;unknown;FFPE;IF;Specimen from Organism;6;unknown;Xenium Analyzer;2023-07-13;TgCRND8 2.5 months;Xenium;Creative Commons Attribution 4.0 International;brain;Xenium v1;RNA;Alzheimer's-like pathology;;;https://www.10xgenomics.com/datasets/xenium-in-situ-analysis-of-alzheimers-disease-mouse-model-brain-coronal-sections-from-one-hemisphere-over-a-time-course-1-standard
10fpp;Xenium In Situ Analysis of Alzheimer's Disease Mouse Model;Xenium In Situ Analysis of Alzheimer's Disease Mouse Model Brain Coronal Sections from One Hemisphere Over a Time Course;;In Situ Gene Expression;Xenium Onboard Analysis v1.4.0;Mouse;unknown;FFPE;IF;Specimen from Organism;6;unknown;Xenium Analyzer;2023-07-13;TgCRND8 5.7 months;Xenium;Creative Commons Attribution 4.0 International;brain;Xenium v1;RNA;Alzheimer's-like pathology;;;https://www.10xgenomics.com/datasets/xenium-in-situ-analysis-of-alzheimers-disease-mouse-model-brain-coronal-sections-from-one-hemisphere-over-a-time-course-1-standard
106ws;Xenium In Situ Analysis of Alzheimer's Disease Mouse Model;Xenium In Situ Analysis of Alzheimer's Disease Mouse Model Brain Coronal Sections from One Hemisphere Over a Time Course;;In Situ Gene Expression;Xenium Onboard Analysis v1.4.0;Mouse;unknown;FFPE;IF;Specimen from Organism;6;unknown;Xenium Analyzer;2023-07-13;Wild type 13.4 months;Xenium;Creative Commons Attribution 4.0 International;brain;Xenium v1;RNA;healthy;;;https://www.10xgenomics.com/datasets/xenium-in-situ-analysis-of-alzheimers-disease-mouse-model-brain-coronal-sections-from-one-hemisphere-over-a-time-course-1-standard
10xa2;Xenium In Situ Analysis of Alzheimer's Disease Mouse Model;Xenium In Situ Analysis of Alzheimer's Disease Mouse Model Brain Coronal Sections from One Hemisphere Over a Time Course;;In Situ Gene Expression;Xenium Onboard Analysis v1.4.0;Mouse;unknown;FFPE;IF;Specimen from Organism;6;unknown;Xenium Analyzer;2023-07-13;Wild type 2.5 months;Xenium;Creative Commons Attribution 4.0 International;brain;Xenium v1;RNA;healthy;;;https://www.10xgenomics.com/datasets/xenium-in-situ-analysis-of-alzheimers-disease-mouse-model-brain-coronal-sections-from-one-hemisphere-over-a-time-course-1-standard
108d3;Xenium In Situ Analysis of Alzheimer's Disease Mouse Model;Xenium In Situ Analysis of Alzheimer's Disease Mouse Model Brain Coronal Sections from One Hemisphere Over a Time Course;;In Situ Gene Expression;Xenium Onboard Analysis v1.4.0;Mouse;unknown;FFPE;IF;Specimen from Organism;6;unknown;Xenium Analyzer;2023-07-13;Wild type 5.7 months;Xenium;Creative Commons Attribution 4.0 International;brain;Xenium v1;RNA;healthy;;;https://www.10xgenomics.com/datasets/xenium-in-situ-analysis-of-alzheimers-disease-mouse-model-brain-coronal-sections-from-one-hemisphere-over-a-time-course-1-standard
106s5;Mouse Brain;Preservation Method Comparison on Visium CytAssist 11 mm Capture Area;;Spatial Gene Expression;Space Ranger v2.1.0;Mouse;unknown;Fixed Frozen;H&E;Specimen from Organism;unknown;unknown;Visium CytAssist;2023-06-08;Fixed Frozen Mouse Brain (Sagittal), Space Ranger v2.1.0;Visium;Creative Commons Attribution 4.0 International;brain;Visium CytAssist v2;RNA;healthy;;spaceranger count;https://www.10xgenomics.com/datasets/preservation-method-comparison-on-visium-cytassist-fixed-frozen-mouse-brain-sagittal-11-mm-capture-area-2-standard
103uy;Mouse Brain;Preservation Method Comparison on Visium CytAssist 11 mm Capture Area;;Spatial Gene Expression;Space Ranger v2.1.0;Mouse;unknown;Fresh Frozen;H&E;Specimen from Organism;unknown;unknown;Visium CytAssist;2023-06-08;Fresh Frozen Mouse Brain (Sagittal), Space Ranger v2.1.0;Visium;Creative Commons Attribution 4.0 International;brain;Visium CytAssist v2;RNA;healthy;;spaceranger count;https://www.10xgenomics.com/datasets/preservation-method-comparison-on-visium-cytassist-fresh-frozen-mouse-brain-sagittal-11-mm-capture-area-2-standard
10mda;Mouse Brain;Preservation Method Comparison on Visium CytAssist 11 mm Capture Area;;Spatial Gene Expression;Space Ranger v2.1.0;Mouse;unknown;FFPE;H&E;Specimen from Organism;unknown;unknown;Visium CytAssist;2023-06-08;FFPE Mouse Brain (Sagittal), Space Ranger v2.1.0;Visium;Creative Commons Attribution 4.0 International;brain;Visium CytAssist v2;RNA;healthy;;spaceranger count;https://www.10xgenomics.com/datasets/preservation-method-comparison-on-visium-cytassist-ffpe-mouse-brain-sagittal-11-mm-capture-area-2-standard
10ant;Mouse Brain;Preservation Method Comparison on Visium CytAssist 11 mm Capture Area;;Spatial Gene Expression;Space Ranger v2.0.1;Mouse;unknown;FFPE;H&E;Specimen from Organism;unknown;unknown;Visium CytAssist;2023-04-17;FFPE Mouse Brain (Sagittal), Space Ranger v2.0.1;Visium;Creative Commons Attribution 4.0 International;brain;Visium CytAssist v2;RNA;healthy;;spaceranger count;https://www.10xgenomics.com/datasets/ffpe-visium-on-cytassist-mouse-brain-probe-based-whole-transcriptome-profiling-2-standard
10056;Mouse Brain;Preservation Method Comparison on Visium CytAssist 11 mm Capture Area;;Spatial Gene Expression;Space Ranger v2.0.1;Mouse;unknown;Fresh Frozen;H&E;Specimen from Organism;unknown;unknown;Visium CytAssist;2023-04-17;Fresh Frozen Mouse Brain (Sagittal), Space Ranger v2.0.1;Visium;Creative Commons Attribution 4.0 International;brain;Visium CytAssist v2;RNA;healthy;;spaceranger count;https://www.10xgenomics.com/datasets/fresh-frozen-visium-on-cytassist-mouse-brain-probe-based-whole-transcriptome-profiling-2-standard-1
101s6;Mouse Brain;Preservation Method Comparison on Visium CytAssist 11 mm Capture Area;;Spatial Gene Expression;Space Ranger v2.0.1;Mouse;unknown;Fixed Frozen;H&E;Specimen from Organism;unknown;unknown;Visium CytAssist;2023-04-17;Fixed Frozen Mouse Brain (Sagittal), Space Ranger v2.0.1;Visium;Creative Commons Attribution 4.0 International;brain;Visium CytAssist v2;RNA;healthy;;spaceranger count;https://www.10xgenomics.com/datasets/fixed-frozen-visium-on-cytassist-mouse-brain-probe-based-whole-transcriptome-profiling-2-standard
1001e;Visium CytAssist, Mouse Embryo, 11 mm Capture Area (FFPE);Visium CytAssist, Mouse Embryo, 11 mm Capture Area (FFPE);;Spatial Gene Expression;Space Ranger v2.1.0;Mouse;unknown;FFPE;H&E;Specimen from Organism;unknown;embryonic stage;Visium CytAssist;2023-06-08;;Visium;Creative Commons Attribution 4.0 International;mouse embryo;Visium CytAssist v2;RNA;healthy;;spaceranger count;https://www.10xgenomics.com/datasets/visium-cytassist-mouse-embryo-11-mm-capture-area-ffpe-2-standard
10ckr;Adult Mouse Brain Coronal Section (Fresh Frozen);Adult Mouse Brain Coronal Section (Fresh Frozen), 2 Replicates;;Spatial Gene Expression;Space Ranger v2.1.0;Mouse;unknown;Fresh Frozen;H&E;Specimen from Organism;1;adult stage;;2023-05-25;Sample 1;Visium;Creative Commons Attribution 4.0 International;brain;Visium v1;RNA;healthy;;spaceranger count;https://www.10xgenomics.com/datasets/adult-mouse-brain-coronal-section-fresh-frozen-1-standard
10w6u;Adult Mouse Brain Coronal Section (Fresh Frozen);Adult Mouse Brain Coronal Section (Fresh Frozen), 2 Replicates;;Spatial Gene Expression;Space Ranger v2.1.0;Mouse;unknown;Fresh Frozen;H&E;Specimen from Organism;1;adult stage;;2023-05-25;Sample 2;Visium;Creative Commons Attribution 4.0 International;brain;Visium v1;RNA;healthy;;spaceranger count;https://www.10xgenomics.com/datasets/adult-mouse-brain-coronal-section-fresh-frozen-1-standard
10fri;Xenium Human Lung Data;Xenium Human Lung Cancer and Non-Diseased;;In Situ Gene Expression;Xenium Onboard Analysis v1.3.0;Human;unknown;FFPE;;Specimen from Organism;2;adult stage;Xenium Analyzer;2023-05-18;Non-diseased Lung;Xenium;Creative Commons Attribution 4.0 International;lung;Xenium v1;RNA;healthy;;;https://www.10xgenomics.com/datasets/xenium-human-lung-preview-data-1-standard
109k1;Xenium Human Lung Data;Xenium Human Lung Cancer and Non-Diseased;;In Situ Gene Expression;Xenium Onboard Analysis v1.3.0;Human;unknown;FFPE;;Specimen from Organism;2;adult stage;Xenium Analyzer;2023-05-18;Lung Cancer;Xenium;Creative Commons Attribution 4.0 International;lung;Xenium v1;RNA;lung cancer;;;https://www.10xgenomics.com/datasets/xenium-human-lung-preview-data-1-standard
10z91;Human Glioblastoma, IF, 11mm (FFPE);Human Glioblastoma, IF, 11mm (FFPE);Visium CytAssist Gene and Protein Expression Library of Human Glioblastoma;CytAssist Spatial Gene and Protein Expression;Space Ranger v2.1.0;Human;unknown;FFPE;IF;Specimen from Organism;1;unknown;Visium CytAssist;2023-05-15;;Visium;Creative Commons Attribution 4.0 International;brain;Visium CytAssist v2;RNA|protein;glioblastoma;;spaceranger count;https://www.10xgenomics.com/datasets/gene-and-protein-expression-library-of-human-glioblastoma-cytassist-ffpe-2-standard
10if2;Human Breast Cancer, IF, 6.5mm (FFPE);Human Breast Cancer, IF, 6.5mm (FFPE);Visium CytAssist Gene and Protein Expression Library of Human Breast Cancer;CytAssist Spatial Gene and Protein Expression;Space Ranger v2.1.0;Human;unknown;FFPE;IF;Specimen from Organism;1;unknown;Visium CytAssist;2023-05-15;;Visium;Creative Commons Attribution 4.0 International;breast;Visium CytAssist v2;RNA|protein;breast cancer;;spaceranger count;https://www.10xgenomics.com/datasets/gene-and-protein-expression-library-of-human-breast-cancer-cytassist-ffpe-2-standard
10ekd;Human Tonsil H&E, 6.5 mm (FFPE);Human Tonsil H&E, 6.5 mm (FFPE);Visium CytAssist Gene and Protein Expression Library of Human Tonsil;CytAssist Spatial Gene and Protein Expression;Space Ranger v2.1.0;Human;unknown;FFPE;H&E;Specimen from Organism;1;unknown;Visium CytAssist;2023-05-15;;Visium;Creative Commons Attribution 4.0 International;tonsil;Visium CytAssist v2;RNA|protein;;;spaceranger count;https://www.10xgenomics.com/datasets/gene-protein-expression-library-of-human-tonsil-cytassist-ffpe-2-standard
104dy;Xenium Human Brain Data;Human Brain Disease and Control;;In Situ Gene Expression;Xenium Onboard Analysis v1.3.0;unknown;unknown;unknown;;Specimen from Organism;unknown;unknown;Xenium Analyzer;2023-04-20;Healthy Brain;Xenium;Creative Commons Attribution 4.0 International;unknown;Xenium v1;RNA;unknown;;;https://www.10xgenomics.com/datasets/xenium-human-brain-preview-data-1-standard
1091x;Xenium Human Brain Data;Human Brain Disease and Control;;In Situ Gene Expression;Xenium Onboard Analysis v1.3.0;unknown;unknown;unknown;;Specimen from Organism;unknown;unknown;Xenium Analyzer;2023-04-20;Glioblastoma;Xenium;Creative Commons Attribution 4.0 International;unknown;Xenium v1;RNA;unknown;;;https://www.10xgenomics.com/datasets/xenium-human-brain-preview-data-1-standard
10zj1;Xenium Human Brain Data;Human Brain Disease and Control;;In Situ Gene Expression;Xenium Onboard Analysis v1.3.0;unknown;unknown;unknown;;Specimen from Organism;unknown;unknown;Xenium Analyzer;2023-04-20;Alzheimer's;Xenium;Creative Commons Attribution 4.0 International;unknown;Xenium v1;RNA;unknown;;;https://www.10xgenomics.com/datasets/xenium-human-brain-preview-data-1-standard
1015d;Xenium FFPE Human Breast with Custom Add-on Panel;Xenium Healthy Human Breast, 2 Donors;Xenium FFPE Human Breast with Custom Add-on Panel;In Situ Gene Expression;Xenium Onboard Analysis v1.3.0;Human;Cells;FFPE;H&E;Specimen from Organism;2;unknown;Xenium Analyzer;2023-04-18;Donor 1;Xenium;Creative Commons Attribution 4.0 International;breast;Xenium v1;RNA;breast cancer;;;https://www.10xgenomics.com/datasets/xenium-ffpe-human-breast-with-custom-add-on-panel-1-standard
10uac;Xenium FFPE Human Breast with Custom Add-on Panel;Xenium Healthy Human Breast, 2 Donors;Xenium FFPE Human Breast with Custom Add-on Panel;In Situ Gene Expression;Xenium Onboard Analysis v1.3.0;Human;Cells;FFPE;H&E;Specimen from Organism;2;unknown;Xenium Analyzer;2023-04-18;Donor 2;Xenium;Creative Commons Attribution 4.0 International;breast;Xenium v1;RNA;breast cancer;;;https://www.10xgenomics.com/datasets/xenium-ffpe-human-breast-with-custom-add-on-panel-1-standard
108ty;Visium Mouse;Mouse Tissue Microarray in 3x3 Layout with 2 mm Edge to Edge Spacing (FFPE);;Spatial Gene Expression;Space Ranger v2.0.1;Mouse;unknown;FFPE;H&E;Specimen from Organism;unknown;adult stage;Visium CytAssist;2023-02-21;Brain Replicate 1;Visium;Creative Commons Attribution 4.0 International;brain;Visium CytAssist v2;RNA;healthy;;spaceranger count;https://www.10xgenomics.com/datasets/mouse-tissue-microarray-in-3x3-layout-with-2-mm-edge-to-edge-spacing-ffpe-2-standard
10v4k;Visium Mouse;Mouse Tissue Microarray in 3x3 Layout with 2 mm Edge to Edge Spacing (FFPE);;Spatial Gene Expression;Space Ranger v2.0.1;Mouse;unknown;FFPE;H&E;Specimen from Organism;unknown;adult stage;Visium CytAssist;2023-02-21;Brain Replicate 2;Visium;Creative Commons Attribution 4.0 International;brain;Visium CytAssist v2;RNA;healthy;;spaceranger count;https://www.10xgenomics.com/datasets/mouse-tissue-microarray-in-3x3-layout-with-2-mm-edge-to-edge-spacing-ffpe-2-standard
10s8t;Visium Mouse;Mouse Tissue Microarray in 3x3 Layout with 2 mm Edge to Edge Spacing (FFPE);;Spatial Gene Expression;Space Ranger v2.0.1;Mouse;unknown;FFPE;H&E;Specimen from Organism;unknown;adult stage;Visium CytAssist;2023-02-21;Brain Replicate 3;Visium;Creative Commons Attribution 4.0 International;brain;Visium CytAssist v2;RNA;healthy;;spaceranger count;https://www.10xgenomics.com/datasets/mouse-tissue-microarray-in-3x3-layout-with-2-mm-edge-to-edge-spacing-ffpe-2-standard
10sph;Visium Mouse;Mouse Tissue Microarray in 3x3 Layout with 2 mm Edge to Edge Spacing (FFPE);;Spatial Gene Expression;Space Ranger v2.0.1;Mouse;unknown;FFPE;H&E;Specimen from Organism;unknown;adult stage;Visium CytAssist;2023-02-21;Brain Replicate 4;Visium;Creative Commons Attribution 4.0 International;brain;Visium CytAssist v2;RNA;healthy;;spaceranger count;https://www.10xgenomics.com/datasets/mouse-tissue-microarray-in-3x3-layout-with-2-mm-edge-to-edge-spacing-ffpe-2-standard
10v61;Visium Mouse;Mouse Tissue Microarray in 3x3 Layout with 2 mm Edge to Edge Spacing (FFPE);;Spatial Gene Expression;Space Ranger v2.0.1;Mouse;unknown;FFPE;H&E;Specimen from Organism;unknown;adult stage;Visium CytAssist;2023-02-21;Lung Replicate 1;Visium;Creative Commons Attribution 4.0 International;lung;Visium CytAssist v2;RNA;healthy;;spaceranger count;https://www.10xgenomics.com/datasets/mouse-tissue-microarray-in-3x3-layout-with-2-mm-edge-to-edge-spacing-ffpe-2-standard
109pp;Visium Mouse;Mouse Tissue Microarray in 3x3 Layout with 2 mm Edge to Edge Spacing (FFPE);;Spatial Gene Expression;Space Ranger v2.0.1;Mouse;unknown;FFPE;H&E;Specimen from Organism;unknown;adult stage;Visium CytAssist;2023-02-21;Lung Replicate 2;Visium;Creative Commons Attribution 4.0 International;lung;Visium CytAssist v2;RNA;healthy;;spaceranger count;https://www.10xgenomics.com/datasets/mouse-tissue-microarray-in-3x3-layout-with-2-mm-edge-to-edge-spacing-ffpe-2-standard
10yhv;Visium Mouse;Mouse Tissue Microarray in 3x3 Layout with 2 mm Edge to Edge Spacing (FFPE);;Spatial Gene Expression;Space Ranger v2.0.1;Mouse;unknown;FFPE;H&E;Specimen from Organism;unknown;adult stage;Visium CytAssist;2023-02-21;Lung Replicate 3;Visium;Creative Commons Attribution 4.0 International;lung;Visium CytAssist v2;RNA;healthy;;spaceranger count;https://www.10xgenomics.com/datasets/mouse-tissue-microarray-in-3x3-layout-with-2-mm-edge-to-edge-spacing-ffpe-2-standard
1090h;Visium Mouse;Mouse Tissue Microarray in 3x3 Layout with 2 mm Edge to Edge Spacing (FFPE);;Spatial Gene Expression;Space Ranger v2.0.1;Mouse;unknown;FFPE;H&E;Specimen from Organism;unknown;adult stage;Visium CytAssist;2023-02-21;Lung Replicate 4;Visium;Creative Commons Attribution 4.0 International;lung;Visium CytAssist v2;RNA;healthy;;spaceranger count;https://www.10xgenomics.com/datasets/mouse-tissue-microarray-in-3x3-layout-with-2-mm-edge-to-edge-spacing-ffpe-2-standard
102hp;Visium Mouse;Mouse Tissue Microarray in 3x3 Layout with 2 mm Edge to Edge Spacing (FFPE);;Spatial Gene Expression;Space Ranger v2.0.1;Mouse;unknown;FFPE;H&E;Specimen from Organism;unknown;adult stage;Visium CytAssist;2023-02-21;Lung Replicate 5;Visium;Creative Commons Attribution 4.0 International;lung;Visium CytAssist v2;RNA;healthy;;spaceranger count;https://www.10xgenomics.com/datasets/mouse-tissue-microarray-in-3x3-layout-with-2-mm-edge-to-edge-spacing-ffpe-2-standard
106ip;Human Brain Cancer, 11 mm Capture Area (FFPE);Human Brain Cancer, 11 mm Capture Area (FFPE);;Spatial Gene Expression;Space Ranger v2.0.1;Human;unknown;FFPE;H&E;Specimen from Organism;unknown;unknown;Visium CytAssist;2023-02-14;;Visium;Creative Commons Attribution 4.0 International;brain;Visium CytAssist v2;RNA;brain cancer;;spaceranger count;https://www.10xgenomics.com/datasets/human-brain-cancer-11-mm-capture-area-ffpe-2-standard
10kmy;Human Lung Cancer, 11 mm Capture Area (FFPE);Human Lung Cancer, 11 mm Capture Area (FFPE);;Spatial Gene Expression;Space Ranger v2.0.1;Human;unknown;FFPE;H&E;Specimen from Organism;unknown;unknown;Visium CytAssist;2023-02-14;;Visium;Creative Commons Attribution 4.0 International;lung;Visium CytAssist v2;RNA;lung cancer;;spaceranger count;https://www.10xgenomics.com/datasets/human-lung-cancer-11-mm-capture-area-ffpe-2-standard
10iky;Human Kidney, 11 mm Capture Area (FFPE);Human Kidney, 11 mm Capture Area (FFPE);;Spatial Gene Expression;Space Ranger v2.0.1;Human;unknown;FFPE;H&E;Specimen from Organism;unknown;unknown;Visium CytAssist;2023-02-14;;Visium;Creative Commons Attribution 4.0 International;kidney;Visium CytAssist v2;RNA;healthy;;spaceranger count;https://www.10xgenomics.com/datasets/human-kidney-11-mm-capture-area-ffpe-2-standard
10drc;Human Colorectal Cancer, 11 mm Capture Area (FFPE);Human Colorectal Cancer, 11 mm Capture Area (FFPE);;Spatial Gene Expression;Space Ranger v2.0.1;Human;unknown;FFPE;H&E;Specimen from Organism;unknown;unknown;Visium CytAssist;2023-02-14;;Visium;Creative Commons Attribution 4.0 International;colorectal;Visium CytAssist v2;RNA;colorectal cancer;;spaceranger count;https://www.10xgenomics.com/datasets/human-colorectal-cancer-11-mm-capture-area-ffpe-2-standard
10x88;Mouse Brain;Fresh Frozen Healthy Mouse Brain, 3 Replicates;;In Situ Gene Expression;Xenium Onboard Analysis v1.0.2;Mouse;Cells;Fresh Frozen;;Specimen from Organism;1;unknown;Xenium Analyzer;2023-01-22;Replicate 1;Xenium;Creative Commons Attribution 4.0 International;brain;Xenium v1;RNA;unknown;;;https://www.10xgenomics.com/datasets/fresh-frozen-mouse-brain-replicates-1-standard
10c6u;Mouse Brain;Fresh Frozen Healthy Mouse Brain, 3 Replicates;;In Situ Gene Expression;Xenium Onboard Analysis v1.0.2;Mouse;Cells;Fresh Frozen;;Specimen from Organism;1;unknown;Xenium Analyzer;2023-01-22;Replicate 2;Xenium;Creative Commons Attribution 4.0 International;brain;Xenium v1;RNA;unknown;;;https://www.10xgenomics.com/datasets/fresh-frozen-mouse-brain-replicates-1-standard
108h0;Mouse Brain;Fresh Frozen Healthy Mouse Brain, 3 Replicates;;In Situ Gene Expression;Xenium Onboard Analysis v1.0.2;Mouse;Cells;Fresh Frozen;;Specimen from Organism;1;unknown;Xenium Analyzer;2023-01-22;Replicate 3;Xenium;Creative Commons Attribution 4.0 International;brain;Xenium v1;RNA;unknown;;;https://www.10xgenomics.com/datasets/fresh-frozen-mouse-brain-replicates-1-standard
101tu;FFPE Human Breast using the Entire Sample Area;FFPE Human Breast using the Entire Sample Area, 2 Replicates;;In Situ Gene Expression;Xenium Onboard Analysis v1.0.2;Human;Cells;FFPE;H&E;Specimen from Organism;1;unknown;Xenium Analyzer;2023-01-22;Replicate 1;Xenium;Creative Commons Attribution 4.0 International;breast;Xenium v1;RNA;breast cancer;;;https://www.10xgenomics.com/datasets/ffpe-human-breast-using-the-entire-sample-area-1-standard
10xay;FFPE Human Breast using the Entire Sample Area;FFPE Human Breast using the Entire Sample Area, 2 Replicates;;In Situ Gene Expression;Xenium Onboard Analysis v1.0.2;Human;Cells;FFPE;H&E;Specimen from Organism;1;unknown;Xenium Analyzer;2023-01-22;Replicate 2;Xenium;Creative Commons Attribution 4.0 International;breast;Xenium v1;RNA;breast cancer;;;https://www.10xgenomics.com/datasets/ffpe-human-breast-using-the-entire-sample-area-1-standard
101x5;Xenium FFPE Healthy Human Breast;Xenium FFPE Healthy Human Breast, Custom and Pre-Designed Panels;Xenium FFPE Human Breast with Custom Add-on Panel;In Situ Gene Expression;Xenium Onboard Analysis v1.0.2;Human;Cells;FFPE;H&E;Specimen from Organism;2;unknown;Xenium Analyzer;2023-01-22;Tissue sample 1, Custom Panel;Xenium;Creative Commons Attribution 4.0 International;breast;Xenium v1;RNA;breast cancer;;;https://www.10xgenomics.com/datasets/ffpe-human-breast-with-custom-add-on-panel-1-standard
10pf0;Xenium FFPE Healthy Human Breast;Xenium FFPE Healthy Human Breast, Custom and Pre-Designed Panels;Xenium FFPE Human Breast with Custom Add-on Panel;In Situ Gene Expression;Xenium Onboard Analysis v1.0.2;Human;Cells;FFPE;H&E;Specimen from Organism;2;unknown;Xenium Analyzer;2023-01-22;Tissue sample 2, Custom Panel;Xenium;Creative Commons Attribution 4.0 International;breast;Xenium v1;RNA;breast cancer;;;https://www.10xgenomics.com/datasets/ffpe-human-breast-with-custom-add-on-panel-1-standard
10dcv;Xenium FFPE Healthy Human Breast;Xenium FFPE Healthy Human Breast, Custom and Pre-Designed Panels;Xenium FFPE Human Breast with Pre-Designed Panel;In Situ Gene Expression;Xenium Onboard Analysis v1.0.2;Human;Cells;FFPE;H&E;Specimen from Organism;2;unknown;Xenium Analyzer;2023-01-22;Tissue sample 1, Pre-Designed Panel;Xenium;Creative Commons Attribution 4.0 International;breast;Xenium v1;RNA;breast cancer;;;https://www.10xgenomics.com/datasets/ffpe-human-breast-with-Pre-Designed-panel-1-standard
10y80;Fresh Frozen Mouse Brain for Xenium Explorer Demo;Fresh Frozen Mouse Brain for Xenium Explorer Demo;;In Situ Gene Expression;Xenium Onboard Analysis v1.0.2;Mouse;Cells;Fresh Frozen;;Specimen from Organism;1;unknown;Xenium Analyzer;2023-01-22;Full coronal section;Xenium;Creative Commons Attribution 4.0 International;brain;Xenium v1;RNA;unknown;;;https://www.10xgenomics.com/datasets/fresh-frozen-mouse-brain-for-xenium-explorer-demo-1-standard
104cz;Fresh Frozen Mouse Brain for Xenium Explorer Demo;Fresh Frozen Mouse Brain for Xenium Explorer Demo;;In Situ Gene Expression;Xenium Onboard Analysis v1.0.2;Mouse;Cells;Fresh Frozen;;Specimen from Organism;1;unknown;Xenium Analyzer;2023-01-22;Tiny subset;Xenium;Creative Commons Attribution 4.0 International;brain;Xenium v1;RNA;unknown;;;https://www.10xgenomics.com/datasets/fresh-frozen-mouse-brain-for-xenium-explorer-demo-1-standard
10ake;Fresh Frozen Visium on CytAssist: Mouse Brain, Probe-Based Whole Transcriptome Profiling;Fresh Frozen Visium on CytAssist: Mouse Brain, Probe-Based Whole Transcriptome Profiling;;Spatial Gene Expression;Space Ranger v2.0.1;Mouse;unknown;Fresh Frozen;H&E;Specimen from Organism;unknown;unknown;Visium CytAssist;2023-01-06;;Visium;Creative Commons Attribution 4.0 International;brain;Visium CytAssist v2;RNA;healthy;;spaceranger count;https://www.10xgenomics.com/datasets/fresh-frozen-visium-on-cytassist-mouse-brain-probe-based-whole-transcriptome-profiling-2-standard
100my;Fresh Frozen Visium on CytAssist: Human Breast Cancer, Probe-Based Whole Transcriptome Profiling;Fresh Frozen Visium on CytAssist: Human Breast Cancer, Probe-Based Whole Transcriptome Profiling;;Spatial Gene Expression;Space Ranger v2.0.1;Human;unknown;Fresh Frozen;H&E;Specimen from Organism;unknown;unknown;Visium CytAssist;2023-01-06;;Visium;Creative Commons Attribution 4.0 International;breast;Visium CytAssist v2;RNA;breast cancer;;spaceranger count;https://www.10xgenomics.com/datasets/fresh-frozen-visium-on-cytassist-human-breast-cancer-probe-based-whole-transcriptome-profiling-2-standard
108rf;Human Ovarian Cancer, 11 mm Capture Area (FFPE);Human Ovarian Cancer, 11 mm Capture Area (FFPE);;Spatial Gene Expression;Space Ranger v2.0.0;Human;unknown;FFPE;H&E;Specimen from Organism;unknown;unknown;Visium CytAssist;2022-07-14;;Visium;Creative Commons Attribution 4.0 International;ovary;Visium CytAssist v2;RNA;ovarian cancer;;spaceranger count;https://www.10xgenomics.com/datasets/human-ovarian-cancer-11-mm-capture-area-ffpe-2-standard
10sn3;Human Lung Cancer (FFPE);Human Lung Cancer (FFPE);;Spatial Gene Expression;Space Ranger v2.0.0;Human;unknown;FFPE;H&E;Specimen from Organism;unknown;unknown;Visium CytAssist;2022-07-13;;Visium;Creative Commons Attribution 4.0 International;lung;Visium CytAssist v2;RNA;lung cancer;;spaceranger count;https://www.10xgenomics.com/datasets/human-lung-cancer-ffpe-2-standard
10834;Mouse Brain Coronal;Mouse Brain Coronal (FFPE), 2 Sections;;Spatial Gene Expression;Space Ranger v2.0.0;Mouse;unknown;FFPE;H&E;Specimen from Organism;unknown;unknown;Visium CytAssist;2022-07-13;Section 2;Visium;Creative Commons Attribution 4.0 International;brain;Visium CytAssist v2;RNA;healthy;;spaceranger count;https://www.10xgenomics.com/datasets/mouse-brain-coronal-section-2-ffpe-2-standard
10ndj;Mouse Brain Coronal;Mouse Brain Coronal (FFPE), 2 Sections;;Spatial Gene Expression;Space Ranger v2.0.0;Mouse;unknown;FFPE;H&E;Specimen from Organism;unknown;unknown;Visium CytAssist;2022-07-13;Section 1;Visium;Creative Commons Attribution 4.0 International;brain;Visium CytAssist v2;RNA;healthy;;spaceranger count;https://www.10xgenomics.com/datasets/mouse-brain-coronal-section-1-ffpe-2-standard
10ieh;Human Melanoma, IF Stained (FFPE);Human Melanoma, IF Stained (FFPE);;Spatial Gene Expression;Space Ranger v2.0.0;Human;unknown;FFPE;IF;Specimen from Organism;unknown;unknown;Visium CytAssist;2022-07-13;;Visium;Creative Commons Attribution 4.0 International;skin;Visium CytAssist v2;RNA;melanoma;;spaceranger count;https://www.10xgenomics.com/datasets/human-melanoma-if-stained-ffpe-2-standard
10u6u;Adult Mouse Olfactory Bulb;Adult Mouse Olfactory Bulb;;Spatial Gene Expression;Space Ranger v2.0.0;Mouse;unknown;Fresh Frozen;H&E;Specimen from Organism;unknown;unknown;;2022-07-12;;Visium;Creative Commons Attribution 4.0 International;olfactory bulb;Visium v1;RNA;healthy;;spaceranger count;https://www.10xgenomics.com/datasets/adult-mouse-olfactory-bulb-1-standard-1
106ru;Human Prostate Cancer, Adjacent Normal Section with IF Staining (FFPE);Human Prostate Cancer, Adjacent Normal Section with IF Staining (FFPE);;Spatial Gene Expression;Space Ranger v2.0.0;Human;unknown;FFPE;IF;Specimen from Organism;unknown;unknown;;2022-07-12;;Visium;Creative Commons Attribution 4.0 International;prostate;Visium v1;RNA;prostate cancer;;spaceranger count;https://www.10xgenomics.com/datasets/human-prostate-cancer-adjacent-normal-section-with-if-staining-ffpe-1-standard
10wkh;Human Cerebellum: Targeted;Human Cerebellum: Targeted;Neuroscience Panel;Spatial Gene Expression;Space Ranger v2.0.0;Human;unknown;Fresh Frozen;H&E;Specimen from Organism;unknown;unknown;;2022-07-12;;Visium;Creative Commons Attribution 4.0 International;cerebellum;Visium v1;RNA;healthy;;spaceranger count;https://www.10xgenomics.com/datasets/human-cerebellum-targeted-neuroscience-panel-1-standard
10k5p;Human Breast Cancer: Visium Fresh Frozen, Whole Transcriptome;uman Breast Cancer: Visium Fresh Frozen, Whole Transcriptome;;Spatial Gene Expression;Space Ranger v1.3.0;Human;unknown;Fresh Frozen;H&E;Specimen from Organism;unknown;unknown;;2022-07-01;;Visium;Creative Commons Attribution 4.0 International;breast;Visium v1;RNA;breast cancer;;spaceranger count;https://www.10xgenomics.com/datasets/human-breast-cancer-visium-fresh-frozen-whole-transcriptome-1-standard
10vcj;Human Ovarian Cancer (FFPE);Human Ovarian Cancer (FFPE);;Spatial Gene Expression;Space Ranger v1.3.0;Human;unknown;FFPE;H&E;Specimen from Organism;unknown;unknown;;2022-03-28;;Visium;Creative Commons Attribution 4.0 International;ovary;Visium v1;RNA;ovarian cancer;;spaceranger count;https://www.10xgenomics.com/datasets/human-ovarian-cancer-1-standard
10hm6;Human Cervical Cancer (FFPE);Human Cervical Cancer (FFPE);;Spatial Gene Expression;Space Ranger v1.3.0;Human;unknown;FFPE;H&E;Specimen from Organism;unknown;unknown;;2022-03-28;;Visium;Creative Commons Attribution 4.0 International;cervix;Visium v1;RNA;cervical cancer;;spaceranger count;https://www.10xgenomics.com/datasets/human-cervical-cancer-1-standard
1000j;Human Intestine Cancer (FPPE);Human Intestine Cancer (FPPE);;Spatial Gene Expression;Space Ranger v1.3.0;Human;unknown;FFPE;H&E;Specimen from Organism;unknown;unknown;;2022-03-28;;Visium;Creative Commons Attribution 4.0 International;large intestine;Visium v1;RNA;large intestine colorectal cancer;;spaceranger count;https://www.10xgenomics.com/datasets/human-intestine-cancer-1-standard
10f2z;Human Prostate Cancer, Acinar Cell Carcinoma (FFPE);Human Prostate Cancer, Acinar Cell Carcinoma (FFPE);;Spatial Gene Expression;Space Ranger v1.3.0;Human;unknown;FFPE;H&E;Specimen from Organism;unknown;unknown;;2021-10-08;;Visium;Creative Commons Attribution 4.0 International;prostate;Visium v1;RNA;prostate cancer;;spaceranger count;https://www.10xgenomics.com/datasets/human-prostate-cancer-acinar-cell-carcinoma-ffpe-1-standard
103mc;Adult Mouse Kidney (FFPE);Adult Mouse Kidney (FFPE);;Spatial Gene Expression;Space Ranger v1.3.0;Mouse;unknown;FFPE;;Specimen from Organism;1;adult stage;;2021-08-16;;Visium;Creative Commons Attribution 4.0 International;kidney;Visium v1;RNA;unknown;;spaceranger count;https://www.10xgenomics.com/datasets/adult-mouse-kidney-ffpe-1-standard-1-3-0
10kz7;Adult Mouse Brain, IF Stained (FFPE);Adult Mouse Brain, IF Stained (FFPE);;Spatial Gene Expression;Space Ranger v1.3.0;Mouse;unknown;FFPE;IF;Specimen from Organism;1;adult stage;;2021-08-16;;Visium;Creative Commons Attribution 4.0 International;brain;Visium v1;RNA;unknown;;spaceranger count;https://www.10xgenomics.com/datasets/adult-mouse-brain-if-stained-ffpe-1-standard-1-3-0
10uf7;Adult Mouse Brain (FFPE);Adult Mouse Brain (FFPE);;Spatial Gene Expression;Space Ranger v1.3.0;Mouse;unknown;FFPE;;Specimen from Organism;1;8-week-old stage;;2021-08-16;;Visium;Creative Commons Attribution 4.0 International;brain;Visium v1;RNA;unknown;;spaceranger count;https://www.10xgenomics.com/datasets/adult-mouse-brain-ffpe-1-standard-1-3-0
1005m;Normal Human Prostate;Human Prostate Cancer and Non-Diseased (FFPE);;Spatial Gene Expression;Space Ranger v1.3.0;Human;unknown;FFPE;;Specimen from Organism;1;unknown;healthy;2021-06-09;;Visium;Creative Commons Attribution 4.0 International;prostate;Visium v1;RNA;healthy;;spaceranger count;https://www.10xgenomics.com/datasets/normal-human-prostate-ffpe-1-standard-1-3-0
10uik;Human Prostate Cancer;Human Prostate Cancer and Non-Diseased (FFPE);;Spatial Gene Expression;Space Ranger v1.3.0;Human;unknown;FFPE;;Specimen from Organism;1;unknown;Adenocarcinoma with Invasive Carcinoma;2021-06-09;;Visium;Creative Commons Attribution 4.0 International;prostate;Visium v1;RNA;Adenocarcinoma;;spaceranger count;https://www.10xgenomics.com/datasets/human-prostate-cancer-adenocarcinoma-with-invasive-carcinoma-ffpe-1-standard-1-3-0
10jcz;Human Breast Cancer: Ductal Carcinoma In Situ, Invasive Carcinoma (FFPE);;;Spatial Gene Expression;Space Ranger v1.3.0;Human;unknown;FFPE;;Specimen from Organism;1;adult stage;;2021-06-09;;Visium;Creative Commons Attribution 4.0 International;breast;Visium v1;RNA;Invasive Ductal Carcinoma;;spaceranger count;https://www.10xgenomics.com/datasets/human-breast-cancer-ductal-carcinoma-in-situ-invasive-carcinoma-ffpe-1-standard-1-3-0
10vtf;Invasive Ductal Carcinoma Stained With Fluorescent CD3 Antibody;Invasive Ductal Carcinoma Stained With Fluorescent CD3 Antibody;;Spatial Gene Expression;Space Ranger v1.2.0;Human;unknown;Fresh Frozen;DAPI|antibodies;Specimen from Organism;1;unknown;;2021-05-11;;Visium;Creative Commons Attribution 4.0 International;breast;Visium v1;RNA;Invasive Ductal Carcinoma;;spaceranger count;https://www.10xgenomics.com/datasets/invasive-ductal-carcinoma-stained-with-fluorescent-cd-3-antibody-1-standard-1-2-0
101cw;Human Spinal Cord. Stains: DAPI, Anti-SNAP25, Anti-GFAP, Anti-Myelin CNPase;Human Spinal Cord, Neuroscience and Whole Transcriptome Panels;Whole Transcriptome Analysis;Spatial Gene Expression;Space Ranger v1.2.0;Human;unknown;Fresh Frozen;DAPI|antibodies;Specimen from Organism;1;unknown;;2020-10-27;Whole Transcriptome Analysis;Visium;Creative Commons Attribution 4.0 International;spinal cord;Visium v1;RNA;unknown;;spaceranger count;https://www.10xgenomics.com/datasets/human-spinal-cord-whole-transcriptome-analysis-stains-dapi-anti-snap-25-anti-gfap-anti-myelin-cn-pase-1-standard-1-2-0
10wth;Human Spinal Cord. Stains: DAPI, Anti-SNAP25, Anti-GFAP, Anti-Myelin CNPase;Human Spinal Cord, Neuroscience and Whole Transcriptome Panels;Neuroscience Panel;Spatial Gene Expression;Space Ranger v1.2.0;Human;unknown;Fresh Frozen;DAPI|antibodies;Specimen from Organism;1;unknown;;2020-10-27;Targeted, Neuroscience Panel;Visium;Creative Commons Attribution 4.0 International;spinal cord;Visium v1;RNA;unknown;;spaceranger count;https://www.10xgenomics.com/datasets/human-spinal-cord-targeted-neuroscience-panel-stains-dapi-anti-snap-25-anti-gfap-anti-myelin-cn-pase-1-standard-1-2-0
10rxw;Human Ovarian Cancer. Stains: DAPI, Anti-PanCK, Anti-CD45;Human Ovarian Cancer, Targeted and Whole Transcriptome Panels;Whole Transcriptome Analysis;Spatial Gene Expression;Space Ranger v1.2.0;Human;unknown;Fresh Frozen;antibodies|DAPI;Specimen from Organism;1;unknown;;2020-10-27;Whole Transcriptome Analysis;Visium;Creative Commons Attribution 4.0 International;ovary;Visium v1;RNA;Endometrial Adenocarcinoma;;spaceranger count;https://www.10xgenomics.com/datasets/human-ovarian-cancer-whole-transcriptome-analysis-stains-dapi-anti-pan-ck-anti-cd-45-1-standard-1-2-0
10tyd;Human Ovarian Cancer. Stains: DAPI, Anti-PanCK, Anti-CD45;Human Ovarian Cancer, Targeted and Whole Transcriptome Panels;Pan-Cancer Panel;Spatial Gene Expression;Space Ranger v1.2.0;Human;unknown;Fresh Frozen;antibodies|DAPI;Specimen from Organism;1;unknown;;2020-10-27;Targeted, Pan-Cancer Panel;Visium;Creative Commons Attribution 4.0 International;ovary;Visium v1;RNA;Endometrial Adenocarcinoma;;spaceranger count;https://www.10xgenomics.com/datasets/human-ovarian-cancer-targeted-pan-cancer-panel-stains-dapi-anti-pan-ck-anti-cd-45-1-standard-1-2-0
10j0z;Human Ovarian Cancer. Stains: DAPI, Anti-PanCK, Anti-CD45;Human Ovarian Cancer, Targeted and Whole Transcriptome Panels;Immunology Panel;Spatial Gene Expression;Space Ranger v1.2.0;Human;unknown;Fresh Frozen;antibodies|DAPI;Specimen from Organism;1;unknown;;2020-10-27;Targeted, Immunology Panel;Visium;Creative Commons Attribution 4.0 International;ovary;Visium v1;RNA;Endometrial Adenocarcinoma;;spaceranger count;https://www.10xgenomics.com/datasets/human-ovarian-cancer-targeted-immunology-panel-stains-dapi-anti-pan-ck-anti-cd-45-1-standard-1-2-0
10wcj;Human Glioblastoma;Human Glioblastoma, Targeted and Whole Transcriptome Panels;Whole Transcriptome Analysis;Spatial Gene Expression;Space Ranger v1.2.0;Human;unknown;Fresh Frozen;H&E;Specimen from Organism;1;unknown;;2020-10-27;Whole Transcriptome Analysis;Visium;Creative Commons Attribution 4.0 International;brain;Visium v1;RNA;Glioblastoma Multiforme;;spaceranger count;https://www.10xgenomics.com/datasets/human-glioblastoma-whole-transcriptome-analysis-1-standard-1-2-0
10zyf;Human Glioblastoma;Human Glioblastoma, Targeted and Whole Transcriptome Panels;Pan-Cancer Panel;Spatial Gene Expression;Space Ranger v1.2.0;Human;unknown;Fresh Frozen;H&E;Specimen from Organism;1;unknown;;2020-10-27;Targeted, Pan-Cancer Panel;Visium;Creative Commons Attribution 4.0 International;brain;Visium v1;RNA;Glioblastoma Multiforme;;spaceranger count;https://www.10xgenomics.com/datasets/human-glioblastoma-targeted-pan-cancer-panel-1-standard-1-2-0
10zad;Human Colorectal Cancer;Human Colorectal Cancer, Targeted and Whole Transcriptome Panels;Whole Transcriptome Analysis;Spatial Gene Expression;Space Ranger v1.2.0;Human;unknown;Fresh Frozen;H&E;Specimen from Organism;1;unknown;;2020-10-27;Whole Transcriptome Analysis;Visium;Creative Commons Attribution 4.0 International;large intestine;Visium v1;RNA;Invasive Adenocarcinoma;;spaceranger count;https://www.10xgenomics.com/datasets/human-colorectal-cancer-whole-transcriptome-analysis-1-standard-1-2-0
10kia;Human Colorectal Cancer;Human Colorectal Cancer, Targeted and Whole Transcriptome Panels;Gene Signature Panel;Spatial Gene Expression;Space Ranger v1.2.0;Human;unknown;Fresh Frozen;H&E;Specimen from Organism;1;unknown;;2020-10-27;Targeted, Gene Signature Panel;Visium;Creative Commons Attribution 4.0 International;large intestine;Visium v1;RNA;Invasive Adenocarcinoma;;spaceranger count;https://www.10xgenomics.com/datasets/human-colorectal-cancer-targeted-gene-signature-panel-1-standard-1-2-0
10kyn;Human Cerebellum;Human Cerebellum, Targeted and Whole Transcriptome Panels;Whole Transcriptome Analysis;Spatial Gene Expression;Space Ranger v1.2.0;Human;unknown;Fresh Frozen;H&E;Specimen from Organism;1;unknown;;2020-10-27;Whole Transcriptome Analysis;Visium;Creative Commons Attribution 4.0 International;cerebellum;Visium v1;RNA;unknown;;spaceranger count;https://www.10xgenomics.com/datasets/human-cerebellum-whole-transcriptome-analysis-1-standard-1-2-0
1012t;Human Cerebellum;Human Cerebellum, Targeted and Whole Transcriptome Panels;Neuroscience Panel;Spatial Gene Expression;Space Ranger v1.2.0;Human;unknown;Fresh Frozen;H&E;Specimen from Organism;1;unknown;;2020-10-27;Targeted, Neuroscience Panel;Visium;Creative Commons Attribution 4.0 International;cerebellum;Visium v1;RNA;unknown;;spaceranger count;https://www.10xgenomics.com/datasets/human-cerebellum-targeted-neuroscience-panel-1-standard-1-2-0
10p19;Human Breast Cancer;Human Breast Cancer, Targeted and Whole Transcriptome Panels;Whole Transcriptome Analysis;Spatial Gene Expression;Space Ranger v1.2.0;Human;unknown;Fresh Frozen;H&E;Specimen from Organism;1;unknown;;2020-10-27;Whole Transcriptome Analysis;Visium;Creative Commons Attribution 4.0 International;breast;Visium v1;RNA;Invasive Lobular Carcinoma;;spaceranger count;https://www.10xgenomics.com/datasets/human-breast-cancer-whole-transcriptome-analysis-1-standard-1-2-0
1033x;Human Breast Cancer;Human Breast Cancer, Targeted and Whole Transcriptome Panels;Immunology Panel;Spatial Gene Expression;Space Ranger v1.2.0;Human;unknown;Fresh Frozen;H&E;Specimen from Organism;1;unknown;;2020-10-27;Targeted, Immunology Panel;Visium;Creative Commons Attribution 4.0 International;breast;Visium v1;RNA;Invasive Lobular Carcinoma;;spaceranger count;https://www.10xgenomics.com/datasets/human-breast-cancer-targeted-immunology-panel-1-standard-1-2-0
101in;Mouse Kidney Section (Coronal);Mouse Kidney Section (Coronal);;Spatial Gene Expression;Space Ranger v1.1.0;Mouse;unknown;Fresh Frozen;H&E;Specimen from Organism;1;unknown;;2020-06-23;;Visium;Creative Commons Attribution 4.0 International;kidney;Visium v1;RNA;unknown;;spaceranger count;https://www.10xgenomics.com/datasets/mouse-kidney-section-coronal-1-standard-1-1-0
10ktp;Mouse Brain Section (Coronal);Mouse Brain, 3 Space Ranger Versions;;Spatial Gene Expression;Space Ranger v1.1.3;Mouse;unknown;Fresh Frozen;H&E;Specimen from Organism;1;unknown;;2020-06-23;Space Ranger v1.1.3;Visium;Creative Commons Attribution 4.0 International;brain;Visium v1;RNA;unknown;;spaceranger count;https://www.10xgenomics.com/datasets/mouse-brain-section-coronal-1-standard-1-1-0
107rw;Mouse Brain Section (Coronal);Mouse Brain, 3 Space Ranger Versions;;Spatial Gene Expression;Space Ranger v1.1.0;Mouse;unknown;Fresh Frozen;H&E;Specimen from Organism;1;unknown;;2020-06-23;Space Ranger v1.1.0;Visium;Creative Commons Attribution 4.0 International;brain;Visium v1;RNA;unknown;;spaceranger count;https://www.10xgenomics.com/datasets/mouse-brain-section-coronal-1-standard-1-1-0
10jft;Mouse Brain Section (Coronal);Mouse Brain, 3 Space Ranger Versions;;Spatial Gene Expression;Space Ranger v1.0.0;Mouse;unknown;Fresh Frozen;H&E;Specimen from Organism;1;unknown;;2020-06-23;Space Ranger v1.0.0;Visium;Creative Commons Attribution 4.0 International;brain;Visium v1;RNA;unknown;;spaceranger count;https://www.10xgenomics.com/datasets/mouse-brain-section-coronal-1-standard-1-1-0
105jc;Human Lymph Node;Human Lymph Node, 2 Space Ranger Versions;;Spatial Gene Expression;Space Ranger v1.1.0;Human;unknown;Fresh Frozen;H&E;Specimen from Organism;1;unknown;;2020-06-23;Space Ranger v1.1.0;Visium;Creative Commons Attribution 4.0 International;lymph node;Visium v1;RNA;unknown;;spaceranger count;https://www.10xgenomics.com/datasets/human-lymph-node-1-standard-1-1-0
105vj;Human Lymph Node;Human Lymph Node, 2 Space Ranger Versions;;Spatial Gene Expression;Space Ranger v1.0.0;Human;unknown;Fresh Frozen;H&E;Specimen from Organism;1;unknown;;2020-06-23;Space Ranger v1.0.0;Visium;Creative Commons Attribution 4.0 International;lymph node;Visium v1;RNA;unknown;;spaceranger count;https://www.10xgenomics.com/datasets/human-lymph-node-1-standard-1-1-0
1025z;Human Heart;Human Heart, 2 Space Ranger Versions;;Spatial Gene Expression;Space Ranger v1.1.0;Human;unknown;Fresh Frozen;H&E;Specimen from Organism;1;unknown;;2020-06-23;Space Ranger v1.1.0;Visium;Creative Commons Attribution 4.0 International;heart;Visium v1;RNA;unknown;;spaceranger count;https://www.10xgenomics.com/datasets/human-heart-1-standard-1-1-0
10e9s;Human Heart;Human Heart, 2 Space Ranger Versions;;Spatial Gene Expression;Space Ranger v1.0.0;Human;unknown;Fresh Frozen;H&E;Specimen from Organism;1;unknown;;2020-06-23;Space Ranger v1.0.0;Visium;Creative Commons Attribution 4.0 International;heart;Visium v1;RNA;unknown;;spaceranger count;https://www.10xgenomics.com/datasets/human-heart-1-standard-1-1-0
10fmm;Human Breast Cancer;Human Breast Cancer, 2 Sections;;Spatial Gene Expression;Space Ranger v1.1.0;Human;unknown;Fresh Frozen;H&E;Specimen from Organism;1;unknown;;2020-06-23;Block A Section 2;Visium;Creative Commons Attribution 4.0 International;breast;Visium v1;RNA;Invasive Ductal Carcinoma;;spaceranger count;https://www.10xgenomics.com/datasets/human-breast-cancer-block-a-section-2-1-standard-1-1-0
10fty;Human Breast Cancer;Human Breast Cancer, 2 Sections;;Spatial Gene Expression;Space Ranger v1.1.0;Human;unknown;Fresh Frozen;H&E;Specimen from Organism;1;unknown;;2020-06-23;Block A Section 1;Visium;Creative Commons Attribution 4.0 International;breast;Visium v1;RNA;Invasive Ductal Carcinoma;;spaceranger count;https://www.10xgenomics.com/datasets/human-breast-cancer-block-a-section-1-1-standard-1-1-0
104dm;Adult Mouse Brain (Coronal). Stains: DAPI, Anti-GFAP, Anti-NeuN;Adult Mouse Brain, DAPI and antibodies, 2 Section;;Spatial Gene Expression;Space Ranger v1.1.0;Mouse;unknown;Fresh Frozen;IF|DAPI;Specimen from Organism;1;adult stage;;2020-06-23;Section 2;Visium;Creative Commons Attribution 4.0 International;brain;Visium v1;RNA;unknown;;spaceranger count;https://www.10xgenomics.com/datasets/adult-mouse-brain-section-2-coronal-stains-dapi-anti-gfap-anti-neu-n-1-standard-1-1-0
10p5f;Adult Mouse Brain (Coronal). Stains: DAPI, Anti-NeuN;Adult Mouse Brain, DAPI and antibodies, 2 Section;;Spatial Gene Expression;Space Ranger v1.1.0;Mouse;unknown;Fresh Frozen;IF|DAPI;Specimen from Organism;1;adult stage;;2020-06-23;Section 1;Visium;Creative Commons Attribution 4.0 International;brain;Visium v1;RNA;unknown;;spaceranger count;https://www.10xgenomics.com/datasets/adult-mouse-brain-section-1-coronal-stains-dapi-anti-neu-n-1-standard-1-1-0
104ee;Adult Human (Cerebral Cortex, Unknown orientation). Stains: Anti-SNAP25, Anti-NFH;Adult Human (Cerebral Cortex, Unknown orientation), 2 Sections;;Spatial Gene Expression;Space Ranger v1.1.0;Human;unknown;Fresh Frozen;DAPI|IF;Specimen from Organism;1;adult stage;;2020-06-23;Section 2;Visium;Creative Commons Attribution 4.0 International;brain;Visium v1;RNA;unknown;;spaceranger count;https://www.10xgenomics.com/datasets/adult-human-brain-2-cerebral-cortex-unknown-orientation-stains-anti-snap-25-anti-nfh-1-standard-1-1-0
10wv1;Adult Human (Cerebral Cortex, Unknown orientation). Stains: Anti-GFAP, Anti-NFH;Adult Human (Cerebral Cortex, Unknown orientation), 2 Sections;;Spatial Gene Expression;Space Ranger v1.1.0;Human;unknown;Fresh Frozen;Anti-GFAP|Anti-NFH;Specimen from Organism;1;adult stage;;2020-06-23;Section 1;Visium;Creative Commons Attribution 4.0 International;brain;Visium v1;RNA;unknown;;spaceranger count;https://www.10xgenomics.com/datasets/adult-human-brain-1-cerebral-cortex-unknown-orientation-stains-anti-gfap-anti-nfh-1-standard-1-1-0
10tzs;Mouse Brain Serial;Mouse Brain Serial, 4 Sections;;Spatial Gene Expression;Space Ranger v1.0.0;Mouse;unknown;Fresh Frozen;H&E;Specimen from Organism;1;unknown;;2019-12-02;Sagittal-Posterior Section 2;Visium;Creative Commons Attribution 4.0 International;brain;Visium v1;RNA;unknown;;spaceranger count;https://www.10xgenomics.com/datasets/mouse-brain-serial-section-2-sagittal-posterior-1-standard-1-0-0
10huw;Mouse Brain Serial;Mouse Brain Serial, 4 Sections;;Spatial Gene Expression;Space Ranger v1.0.0;Mouse;unknown;Fresh Frozen;H&E;Specimen from Organism;1;unknown;;2019-12-02;Sagittal-Anterior Section 2;Visium;Creative Commons Attribution 4.0 International;brain;Visium v1;RNA;unknown;;spaceranger count;https://www.10xgenomics.com/datasets/mouse-brain-serial-section-2-sagittal-anterior-1-standard-1-0-0
10jff;Mouse Brain Serial;Mouse Brain Serial, 4 Sections;;Spatial Gene Expression;Space Ranger v1.0.0;Mouse;unknown;Fresh Frozen;H&E;Specimen from Organism;1;unknown;;2019-12-02;Sagittal-Posterior Section 1;Visium;Creative Commons Attribution 4.0 International;brain;Visium v1;RNA;unknown;;spaceranger count;https://www.10xgenomics.com/datasets/mouse-brain-serial-section-1-sagittal-posterior-1-standard-1-0-0
10224;Mouse Brain Serial;Mouse Brain Serial, 4 Sections;;Spatial Gene Expression;Space Ranger v1.0.0;Mouse;unknown;Fresh Frozen;H&E;Specimen from Organism;1;unknown;;2019-12-02;Sagittal-Anterior Section 1;Visium;Creative Commons Attribution 4.0 International;brain;Visium v1;RNA;unknown;;spaceranger count;https://www.10xgenomics.com/datasets/mouse-brain-serial-section-1-sagittal-anterior-1-standard-1-0-0
