uid;Description;Collection Description;Panel;Product;Software;Organism;Cells or Nuclei;Preservation Method;Staining Method;Biomaterial Type;Donor Count;Development Stage;Instrument(s);Publication Date;Replicate;Assay;License;Tissue;Chemistry Version;Modality;Disease;Disease Details;Analysis Steps;Dataset Url;Probe Set;Sequencing Configuration;Sample ID at Source;Slide Area;Chemistry Details;Number of Genes Targeted;Transcriptome;Pipeline Version;Number of Spots;Mean Reads per Spot;Median Genes per Spot;Genes Detected;Microscope;Objective;Numerical Aperture;Camera;Exposure;Gain
10tei;Human Colon Cancer (FFPE);Visium CytAssist Gene Expression of Post-Xenium vs Control;;Spatial Gene Expression;Space Ranger v2.1.0;Human;unknown;FFPE;;Specimen from Organism;1;unknown;Visium CytAssist;2023-10-05;Post-Xenium, Replicate 1;Visium;Creative Commons Attribution 4.0 International;colon;Visium CytAssist v2;RNA;adenocarcinoma;stage IIA;spaceranger count;https://www.10xgenomics.com/datasets/visium-cytassist-gene-expression-libraries-of-post-xenium-human-colon-cancer-ffpe-using-the-human-whole-transcriptome-probe-set-2-standard;Visium Human Transcriptome Probe Set v2.0;28 bp read 1 (16 bp Visium spatial barcode, 12 bp UMI), 90 bp read 2 (probe insert), 10 bp i7 sample index and 10 bp i5 sample index, Human Whole Transcriptome;V53M06-039;A1;Visium V5 Slide - FFPE v2;18085.0;GRCh38-2020-A;spaceranger-2.1.0;6,518;22,524;1,974;18,049;;;;;;
10jfe;Human Colon Cancer (FFPE);Visium CytAssist Gene Expression of Post-Xenium vs Control;;Spatial Gene Expression;Space Ranger v2.1.0;Human;unknown;FFPE;;Specimen from Organism;1;unknown;Visium CytAssist;2023-10-05;Post-Xenium, Replicate 2;Visium;Creative Commons Attribution 4.0 International;colon;Visium CytAssist v2;RNA;adenocarcinoma;stage IIA;spaceranger count;https://www.10xgenomics.com/datasets/visium-cytassist-gene-expression-libraries-of-post-xenium-human-colon-cancer-ffpe-using-the-human-whole-transcriptome-probe-set-2-standard;Visium Human Transcriptome Probe Set v2.0;28 bp read 1 (16 bp Visium spatial barcode, 12 bp UMI), 90 bp read 2 (probe insert), 10 bp i7 sample index and 10 bp i5 sample index, Human Whole Transcriptome;V53M06-039;A1;Visium V5 Slide - FFPE v2;18085.0;GRCh38-2020-A;spaceranger-2.1.0;6,352;31,135;3,016;18,057;;;;;;
10e5i;Human Colon Cancer (FFPE);Visium CytAssist Gene Expression of Post-Xenium vs Control;;Spatial Gene Expression;Space Ranger v2.1.0;Human;unknown;FFPE;;Specimen from Organism;1;unknown;Visium CytAssist;2023-10-05;Control, Replicate 1;Visium;Creative Commons Attribution 4.0 International;colon;Visium CytAssist v2;RNA;adenocarcinoma;stage IIA;spaceranger count;https://www.10xgenomics.com/datasets/visium-cytassist-gene-expression-libraries-of-post-xenium-human-colon-cancer-ffpe-using-the-human-whole-transcriptome-probe-set-2-standard;Visium Human Transcriptome Probe Set v2.0;28 bp read 1 (16 bp Visium spatial barcode, 12 bp UMI), 90 bp read 2 (probe insert), 10 bp i7 sample index and 10 bp i5 sample index, Human Whole Transcriptome;V53M06-039;A1;Visium V5 Slide - FFPE v2;18085.0;GRCh38-2020-A;spaceranger-2.1.0;6,487;21,737;3,018;18,063;;;;;;
1065r;Human Colon Cancer (FFPE);Visium CytAssist Gene Expression of Post-Xenium vs Control;;Spatial Gene Expression;Space Ranger v2.1.0;Human;unknown;FFPE;;Specimen from Organism;1;unknown;Visium CytAssist;2023-10-05;Control, Replicate 2;Visium;Creative Commons Attribution 4.0 International;colon;Visium CytAssist v2;RNA;adenocarcinoma;stage IIA;spaceranger count;https://www.10xgenomics.com/datasets/visium-cytassist-gene-expression-libraries-of-post-xenium-human-colon-cancer-ffpe-using-the-human-whole-transcriptome-probe-set-2-standard;Visium Human Transcriptome Probe Set v2.0;28 bp read 1 (16 bp Visium spatial barcode, 12 bp UMI), 90 bp read 2 (probe insert), 10 bp i7 sample index and 10 bp i5 sample index, Human Whole Transcriptome;V53M06-039;A1;Visium V5 Slide - FFPE v2;18085.0;GRCh38-2020-A;spaceranger-2.1.0;6,414;19,699;2,404;18,056;;;;;;
10caf;Mouse Brain (FF);Visium CytAssist Gene Expression of Post-Xenium vs Control;;Spatial Gene Expression;Space Ranger v2.1.0;Mouse;unknown;Fresh Frozen;;Specimen from Organism;1;unknown;Visium CytAssist;2023-10-05;Post-Xenium, Replicate 1;Visium;Creative Commons Attribution 4.0 International;brain;Visium CytAssist v2;RNA;;;spaceranger count;https://www.10xgenomics.com/datasets/visium-cytassist-gene-expression-libraries-of-post-xenium-mouse-brain-ff-using-the-mouse-whole-transcriptome-probe-set-2-standard;Visium Mouse Transcriptome Probe Set;28 bp read 1 (16 bp Visium spatial barcode, 12 bp UMI), 90 bp read 2 (probe insert), 10 bp i7 sample index and 10 bp i5 sample index, Mouse Whole Transcriptome;V52Y23-098;A1;Visium V5 Slide - FFPE v2;19465.0;mm10-2020-A;spaceranger-2.1.0;5,303;43,657;5,696;18,564;;;;;;
105k3;Mouse Brain (FF);Visium CytAssist Gene Expression of Post-Xenium vs Control;;Spatial Gene Expression;Space Ranger v2.1.0;Mouse;unknown;Fresh Frozen;;Specimen from Organism;1;unknown;Visium CytAssist;2023-10-05;Post-Xenium, Replicate 2;Visium;Creative Commons Attribution 4.0 International;brain;Visium CytAssist v2;RNA;;;spaceranger count;https://www.10xgenomics.com/datasets/visium-cytassist-gene-expression-libraries-of-post-xenium-mouse-brain-ff-using-the-mouse-whole-transcriptome-probe-set-2-standard;Visium Mouse Transcriptome Probe Set;28 bp read 1 (16 bp Visium spatial barcode, 12 bp UMI), 90 bp read 2 (probe insert), 10 bp i7 sample index and 10 bp i5 sample index, Mouse Whole Transcriptome;V52Y23-098;A1;Visium V5 Slide - FFPE v2;19465.0;mm10-2020-A;spaceranger-2.1.0;5,221;55,929;4,758;18,422;;;;;;
10ps4;Mouse Brain (FF);Visium CytAssist Gene Expression of Post-Xenium vs Control;;Spatial Gene Expression;Space Ranger v2.1.0;Mouse;unknown;Fresh Frozen;;Specimen from Organism;1;unknown;Visium CytAssist;2023-10-05;Control, Replicate 1;Visium;Creative Commons Attribution 4.0 International;brain;Visium CytAssist v2;RNA;;;spaceranger count;https://www.10xgenomics.com/datasets/visium-cytassist-gene-expression-libraries-of-post-xenium-mouse-brain-ff-using-the-mouse-whole-transcriptome-probe-set-2-standard;Visium Mouse Transcriptome Probe Set;28 bp read 1 (16 bp Visium spatial barcode, 12 bp UMI), 90 bp read 2 (probe insert), 10 bp i7 sample index and 10 bp i5 sample index, Mouse Whole Transcriptome;V52Y23-098;A1;Visium V5 Slide - FFPE v2;19465.0;mm10-2020-A;spaceranger-2.1.0;5,254;42,778;6,451;16,998;;;;;;
10ha9;Mouse Brain (FF);Visium CytAssist Gene Expression of Post-Xenium vs Control;;Spatial Gene Expression;Space Ranger v2.1.0;Mouse;unknown;Fresh Frozen;;Specimen from Organism;1;unknown;Visium CytAssist;2023-10-05;Control, Replicate 2;Visium;Creative Commons Attribution 4.0 International;brain;Visium CytAssist v2;RNA;;;spaceranger count;https://www.10xgenomics.com/datasets/visium-cytassist-gene-expression-libraries-of-post-xenium-mouse-brain-ff-using-the-mouse-whole-transcriptome-probe-set-2-standard;Visium Mouse Transcriptome Probe Set;28 bp read 1 (16 bp Visium spatial barcode, 12 bp UMI), 90 bp read 2 (probe insert), 10 bp i7 sample index and 10 bp i5 sample index, Mouse Whole Transcriptome;V52Y23-098;A1;Visium V5 Slide - FFPE v2;19465.0;mm10-2020-A;spaceranger-2.1.0;5,324;45,562;6,210;16,959;;;;;;
10jr4;Human Tonsil Gene and Protein Expression, CytAssist 6.5 mm;Human Tonsil Gene and Protein Expression, CytAssist 6.5 mm;Visium CytAssist Gene and Protein Expression Library of Human Tonsil with Add-on Antibodies;CytAssist Spatial Gene and Protein Expression;Space Ranger v2.1.0;Human;unknown;FFPE;H&E;Specimen from Organism;1;unknown;Visium CytAssist;2023-08-24;;Visium;Creative Commons Attribution 4.0 International;tonsil;Visium CytAssist v2;RNA|protein;;;spaceranger count;https://www.10xgenomics.com/datasets/visium-cytassist-gene-and-protein-expression-library-of-human-tonsil-with-add-on-antibodies-h-e-6-5-mm-ffpe-2-standard;Visium Human Transcriptome Probe Set v2.0;28 bp read 1 (16 bp Visium spatial barcode, 12 bp UMI), 90 bp read2 (probe insert/antibody barcode), 10 bp i7 sample barcode and 10 bp i5 sample barcode;V43M23-019;D1;Visium V4 Slide - FFPE v2;18085.0;GRCh38-2020-A;spaceranger-2.1.0;4,908;75,598;8,114;18,066;Olympus Slide Scanning Microscope;20X UPLXAPO Objective;0.8;Hamamatsu Orca FusionBT sCMOS;;
106s5;Mouse Brain;Preservation Method Comparison on Visium CytAssist 11 mm Capture Area;;Spatial Gene Expression;Space Ranger v2.1.0;Mouse;unknown;Fixed Frozen;H&E;Specimen from Organism;unknown;unknown;Visium CytAssist;2023-06-08;Fixed Frozen Mouse Brain (Sagittal), Space Ranger v2.1.0;Visium;Creative Commons Attribution 4.0 International;brain;Visium CytAssist v2;RNA;healthy;;spaceranger count;https://www.10xgenomics.com/datasets/preservation-method-comparison-on-visium-cytassist-fixed-frozen-mouse-brain-sagittal-11-mm-capture-area-2-standard;Visium Mouse Transcriptome Probe Set;;V52B25-029;A;Visium V5 Slide - FFPE v2;19465.0;mm10-2020-A;spaceranger-2.1.0;5,134;140,919;8,181;19,160;Olympus VS200 Slide Scanning Microscope;20x UPLXAPO Objective;0.8;VS-264C;500 µs;
103uy;Mouse Brain;Preservation Method Comparison on Visium CytAssist 11 mm Capture Area;;Spatial Gene Expression;Space Ranger v2.1.0;Mouse;unknown;Fresh Frozen;H&E;Specimen from Organism;unknown;unknown;Visium CytAssist;2023-06-08;Fresh Frozen Mouse Brain (Sagittal), Space Ranger v2.1.0;Visium;Creative Commons Attribution 4.0 International;brain;Visium CytAssist v2;RNA;healthy;;spaceranger count;https://www.10xgenomics.com/datasets/preservation-method-comparison-on-visium-cytassist-fresh-frozen-mouse-brain-sagittal-11-mm-capture-area-2-standard;Visium Mouse Transcriptome Probe Set;;V52B25-081;B;Visium V5 Slide - FFPE v2;19465.0;mm10-2020-A;spaceranger-2.1.0;6,965;86,715;6,660;17,374;Olympus VS200 Slide Scanning Microscope;20x UPLXAPO Objective;0.8;VS-264C;500 µs;
10mda;Mouse Brain;Preservation Method Comparison on Visium CytAssist 11 mm Capture Area;;Spatial Gene Expression;Space Ranger v2.1.0;Mouse;unknown;FFPE;H&E;Specimen from Organism;unknown;unknown;Visium CytAssist;2023-06-08;FFPE Mouse Brain (Sagittal), Space Ranger v2.1.0;Visium;Creative Commons Attribution 4.0 International;brain;Visium CytAssist v2;RNA;healthy;;spaceranger count;https://www.10xgenomics.com/datasets/preservation-method-comparison-on-visium-cytassist-ffpe-mouse-brain-sagittal-11-mm-capture-area-2-standard;Visium Mouse Transcriptome Probe Set;;V52B25-081;B;Visium V5 Slide - FFPE v2;19465.0;mm10-2020-A;spaceranger-2.1.0;8,470;85,561;4,814;19,364;Olympus VS200 Slide Scanning Microscope;20x UPLXAPO Objective;0.8;VS-264C;500 µs;
10ant;Mouse Brain;Preservation Method Comparison on Visium CytAssist 11 mm Capture Area;;Spatial Gene Expression;Space Ranger v2.0.1;Mouse;unknown;FFPE;H&E;Specimen from Organism;unknown;unknown;Visium CytAssist;2023-04-17;FFPE Mouse Brain (Sagittal), Space Ranger v2.0.1;Visium;Creative Commons Attribution 4.0 International;brain;Visium CytAssist v2;RNA;healthy;;spaceranger count;https://www.10xgenomics.com/datasets/ffpe-visium-on-cytassist-mouse-brain-probe-based-whole-transcriptome-profiling-2-standard;Visium Mouse Transcriptome Probe Set;;V52B25-081;B;Visium V5 Slide - FFPE v2;19465.0;mm10-2020-A;spaceranger-2.0.1;8,462;85,642;4,816;19,364;Olympus VS200 Slide Scanning Microscope;20x UPLXAPO Objective;0.8;VS-264C;500 µs;
10056;Mouse Brain;Preservation Method Comparison on Visium CytAssist 11 mm Capture Area;;Spatial Gene Expression;Space Ranger v2.0.1;Mouse;unknown;Fresh Frozen;H&E;Specimen from Organism;unknown;unknown;Visium CytAssist;2023-04-17;Fresh Frozen Mouse Brain (Sagittal), Space Ranger v2.0.1;Visium;Creative Commons Attribution 4.0 International;brain;Visium CytAssist v2;RNA;healthy;;spaceranger count;https://www.10xgenomics.com/datasets/fresh-frozen-visium-on-cytassist-mouse-brain-probe-based-whole-transcriptome-profiling-2-standard-1;Visium Mouse Transcriptome Probe Set;;V52B25-081;B;Visium V5 Slide - FFPE v2;19465.0;mm10-2020-A;spaceranger-2.0.1;6,963;86,740;6,661;17,374;Olympus VS200 Slide Scanning Microscope;20x UPLXAPO Objective;0.8;VS-264C;500 µs;
101s6;Mouse Brain;Preservation Method Comparison on Visium CytAssist 11 mm Capture Area;;Spatial Gene Expression;Space Ranger v2.0.1;Mouse;unknown;Fixed Frozen;H&E;Specimen from Organism;unknown;unknown;Visium CytAssist;2023-04-17;Fixed Frozen Mouse Brain (Sagittal), Space Ranger v2.0.1;Visium;Creative Commons Attribution 4.0 International;brain;Visium CytAssist v2;RNA;healthy;;spaceranger count;https://www.10xgenomics.com/datasets/fixed-frozen-visium-on-cytassist-mouse-brain-probe-based-whole-transcriptome-profiling-2-standard;Visium Mouse Transcriptome Probe Set;;V52B25-029;A;Visium V5 Slide - FFPE v2;19465.0;mm10-2020-A;spaceranger-2.0.1;5,123;141,222;8,183;19,160;Olympus VS200 Slide Scanning Microscope;20x UPLXAPO Objective;0.8;VS-264C;500 µs;
1001e;Visium CytAssist, Mouse Embryo, 11 mm Capture Area (FFPE);Visium CytAssist, Mouse Embryo, 11 mm Capture Area (FFPE);;Spatial Gene Expression;Space Ranger v2.1.0;Mouse;unknown;FFPE;H&E;Specimen from Organism;unknown;embryonic stage;Visium CytAssist;2023-06-08;;Visium;Creative Commons Attribution 4.0 International;mouse embryo;Visium CytAssist v2;RNA;healthy;;spaceranger count;https://www.10xgenomics.com/datasets/visium-cytassist-mouse-embryo-11-mm-capture-area-ffpe-2-standard;Visium Mouse Transcriptome Probe Set;28bp read 1 (16bp Visium spatial barcode, 12bp UMI), 90bp read 2 (transcript), 10bp i7 sample barcode and 10bp i5 sample barcode;V52Y09-019;B;Visium V5 Slide - FFPE v2;19465.0;mm10-2020-A;spaceranger-2.1.0;6,434;129,343;8,846;19,404;Olympus VS200 Slide Scanning Microscope;20x UPLXAPO Objective;0.8;VS-264C;410 µs;
10ckr;Adult Mouse Brain Coronal Section (Fresh Frozen);Adult Mouse Brain Coronal Section (Fresh Frozen), 2 Replicates;;Spatial Gene Expression;Space Ranger v2.1.0;Mouse;unknown;Fresh Frozen;H&E;Specimen from Organism;1;adult stage;;2023-05-25;Sample 1;Visium;Creative Commons Attribution 4.0 International;brain;Visium v1;RNA;healthy;;spaceranger count;https://www.10xgenomics.com/datasets/adult-mouse-brain-coronal-section-fresh-frozen-1-standard;;Paired-end (28 X 90);V10L08-332;C1;Visium V1 Slide - 3';;mm10-2020-A;spaceranger-2.1.0;2,702;115,569;6,018;21,949;Nikon Ti2-E microscope;10X objective;0.45;Color camera;2 ms;4.5X
10w6u;Adult Mouse Brain Coronal Section (Fresh Frozen);Adult Mouse Brain Coronal Section (Fresh Frozen), 2 Replicates;;Spatial Gene Expression;Space Ranger v2.1.0;Mouse;unknown;Fresh Frozen;H&E;Specimen from Organism;1;adult stage;;2023-05-25;Sample 2;Visium;Creative Commons Attribution 4.0 International;brain;Visium v1;RNA;healthy;;spaceranger count;https://www.10xgenomics.com/datasets/adult-mouse-brain-coronal-section-fresh-frozen-1-standard;;Paired-end (28 X 90);V10L08-332;C1;Visium V1 Slide - 3';;mm10-2020-A;spaceranger-2.0.0;2,797;57,598;4,426;20,544;Nikon Ti2-E microscope;10X objective;0.45;Color camera;2 ms;4.5X
10z91;Human Glioblastoma, IF, 11mm (FFPE);Human Glioblastoma, IF, 11mm (FFPE);Visium CytAssist Gene and Protein Expression Library of Human Glioblastoma;CytAssist Spatial Gene and Protein Expression;Space Ranger v2.1.0;Human;unknown;FFPE;IF;Specimen from Organism;1;unknown;Visium CytAssist;2023-05-15;;Visium;Creative Commons Attribution 4.0 International;brain;Visium CytAssist v2;RNA|protein;glioblastoma;;spaceranger count;https://www.10xgenomics.com/datasets/gene-and-protein-expression-library-of-human-glioblastoma-cytassist-ffpe-2-standard;Visium Human Transcriptome Probe Set v2.0;28bp read 1 (16bp Visium spatial barcode, 12bp UMI), 50bp read2 (probe insert/antibody barcode), 10bp i7 sample barcode and 10bp i5 sample barcode;V53J23-361;B1;Visium V5 Slide - FFPE v2;18085.0;GRCh38-2020-A;spaceranger-2.1.0;5,756;68,906;7,629;18,042;Olympus Slide Scanning Microscope;20X UPLXAPO Objective;0.8;Hamamatsu Orca FusionBT sCMOS;;
10if2;Human Breast Cancer, IF, 6.5mm (FFPE);Human Breast Cancer, IF, 6.5mm (FFPE);Visium CytAssist Gene and Protein Expression Library of Human Breast Cancer;CytAssist Spatial Gene and Protein Expression;Space Ranger v2.1.0;Human;unknown;FFPE;IF;Specimen from Organism;1;unknown;Visium CytAssist;2023-05-15;;Visium;Creative Commons Attribution 4.0 International;breast;Visium CytAssist v2;RNA|protein;breast cancer;;spaceranger count;https://www.10xgenomics.com/datasets/gene-and-protein-expression-library-of-human-breast-cancer-cytassist-ffpe-2-standard;Visium Human Transcriptome Probe Set v2.0;28bp read 1 (16bp Visium spatial barcode, 12bp UMI), 50bp read2 (probe insert/antibody barcode), 10bp i7 sample barcode and 10bp i5 sample barcode;V43J24-072;A1;Visium V4 Slide - FFPE v2;18085.0;GRCh38-2020-A;spaceranger-2.1.0;4,169;44,009;5,473;17,957;Olympus Slide Scanning Microscope;20X UPLXAPO Objective;0.8;Hamamatsu Orca FusionBT sCMOS;;
10ekd;Human Tonsil H&E, 6.5 mm (FFPE);Human Tonsil H&E, 6.5 mm (FFPE);Visium CytAssist Gene and Protein Expression Library of Human Tonsil;CytAssist Spatial Gene and Protein Expression;Space Ranger v2.1.0;Human;unknown;FFPE;H&E;Specimen from Organism;1;unknown;Visium CytAssist;2023-05-15;;Visium;Creative Commons Attribution 4.0 International;tonsil;Visium CytAssist v2;RNA|protein;;;spaceranger count;https://www.10xgenomics.com/datasets/gene-protein-expression-library-of-human-tonsil-cytassist-ffpe-2-standard;Visium Human Transcriptome Probe Set v2.0;28bp read 1 (16bp Visium spatial barcode, 12bp UMI), 50bp read2 (probe insert/antibody barcode), 10bp i7 sample barcode and 10bp i5 sample barcode;V43J30-093;D1;Visium V4 Slide - FFPE v2;18085.0;GRCh38-2020-A;spaceranger-2.1.0;4,194;111,046;8,275;18,060;Olympus Slide Scanning Microscope;20X UPLXAPO Objective;0.8;Hamamatsu Orca FusionBT sCMOS;;
108ty;Visium Mouse;Mouse Tissue Microarray in 3x3 Layout with 2 mm Edge to Edge Spacing (FFPE);;Spatial Gene Expression;Space Ranger v2.0.1;Mouse;unknown;FFPE;H&E;Specimen from Organism;unknown;adult stage;Visium CytAssist;2023-02-21;Brain Replicate 1;Visium;Creative Commons Attribution 4.0 International;brain;Visium CytAssist v2;RNA;healthy;;spaceranger count;https://www.10xgenomics.com/datasets/mouse-tissue-microarray-in-3x3-layout-with-2-mm-edge-to-edge-spacing-ffpe-2-standard;Visium Mouse Transcriptome Probe Set;28 bp read 1 (16 bp Visium spatial barcode, 12 bp UMI), 90 bp read 2 (transcript), 10 bp i7 sample barcode and 10 bp i5 sample barcode;V52Y10-293;A1;Visium V5 Slide - FFPE v2;19465.0;mm10-2020-A;spaceranger-2.0.1;636;965,394;6,729;19,136;Olympus VS200 Slide Scanning Microscope;20x UPLXAPO Objective;0.8;iDS (VS-264C) color camera with 3.45 um pixel size;;
10v4k;Visium Mouse;Mouse Tissue Microarray in 3x3 Layout with 2 mm Edge to Edge Spacing (FFPE);;Spatial Gene Expression;Space Ranger v2.0.1;Mouse;unknown;FFPE;H&E;Specimen from Organism;unknown;adult stage;Visium CytAssist;2023-02-21;Brain Replicate 2;Visium;Creative Commons Attribution 4.0 International;brain;Visium CytAssist v2;RNA;healthy;;spaceranger count;https://www.10xgenomics.com/datasets/mouse-tissue-microarray-in-3x3-layout-with-2-mm-edge-to-edge-spacing-ffpe-2-standard;Visium Mouse Transcriptome Probe Set;28 bp read 1 (16 bp Visium spatial barcode, 12 bp UMI), 90 bp read 2 (transcript), 10 bp i7 sample barcode and 10 bp i5 sample barcode;V52Y10-293;A1;Visium V5 Slide - FFPE v2;19465.0;mm10-2020-A;spaceranger-2.0.1;632;971,504;7,206;19,053;Olympus VS200 Slide Scanning Microscope;20x UPLXAPO Objective;0.8;iDS (VS-264C) color camera with 3.45 um pixel size;;
10s8t;Visium Mouse;Mouse Tissue Microarray in 3x3 Layout with 2 mm Edge to Edge Spacing (FFPE);;Spatial Gene Expression;Space Ranger v2.0.1;Mouse;unknown;FFPE;H&E;Specimen from Organism;unknown;adult stage;Visium CytAssist;2023-02-21;Brain Replicate 3;Visium;Creative Commons Attribution 4.0 International;brain;Visium CytAssist v2;RNA;healthy;;spaceranger count;https://www.10xgenomics.com/datasets/mouse-tissue-microarray-in-3x3-layout-with-2-mm-edge-to-edge-spacing-ffpe-2-standard;Visium Mouse Transcriptome Probe Set;28 bp read 1 (16 bp Visium spatial barcode, 12 bp UMI), 90 bp read 2 (transcript), 10 bp i7 sample barcode and 10 bp i5 sample barcode;V52Y10-293;A1;Visium V5 Slide - FFPE v2;19465.0;mm10-2020-A;spaceranger-2.0.1;501;1,225,530;5,777;18,030;Olympus VS200 Slide Scanning Microscope;20x UPLXAPO Objective;0.8;iDS (VS-264C) color camera with 3.45 um pixel size;;
10sph;Visium Mouse;Mouse Tissue Microarray in 3x3 Layout with 2 mm Edge to Edge Spacing (FFPE);;Spatial Gene Expression;Space Ranger v2.0.1;Mouse;unknown;FFPE;H&E;Specimen from Organism;unknown;adult stage;Visium CytAssist;2023-02-21;Brain Replicate 4;Visium;Creative Commons Attribution 4.0 International;brain;Visium CytAssist v2;RNA;healthy;;spaceranger count;https://www.10xgenomics.com/datasets/mouse-tissue-microarray-in-3x3-layout-with-2-mm-edge-to-edge-spacing-ffpe-2-standard;Visium Mouse Transcriptome Probe Set;28 bp read 1 (16 bp Visium spatial barcode, 12 bp UMI), 90 bp read 2 (transcript), 10 bp i7 sample barcode and 10 bp i5 sample barcode;V52Y10-293;A1;Visium V5 Slide - FFPE v2;19465.0;mm10-2020-A;spaceranger-2.0.1;638;962,367;5,178;18,202;Olympus VS200 Slide Scanning Microscope;20x UPLXAPO Objective;0.8;iDS (VS-264C) color camera with 3.45 um pixel size;;
10v61;Visium Mouse;Mouse Tissue Microarray in 3x3 Layout with 2 mm Edge to Edge Spacing (FFPE);;Spatial Gene Expression;Space Ranger v2.0.1;Mouse;unknown;FFPE;H&E;Specimen from Organism;unknown;adult stage;Visium CytAssist;2023-02-21;Lung Replicate 1;Visium;Creative Commons Attribution 4.0 International;lung;Visium CytAssist v2;RNA;healthy;;spaceranger count;https://www.10xgenomics.com/datasets/mouse-tissue-microarray-in-3x3-layout-with-2-mm-edge-to-edge-spacing-ffpe-2-standard;Visium Mouse Transcriptome Probe Set;28 bp read 1 (16 bp Visium spatial barcode, 12 bp UMI), 90 bp read 2 (transcript), 10 bp i7 sample barcode and 10 bp i5 sample barcode;V52Y10-293;A1;Visium V5 Slide - FFPE v2;19465.0;mm10-2020-A;spaceranger-2.0.1;338;1,816,540;7,474;19,300;Olympus VS200 Slide Scanning Microscope;20x UPLXAPO Objective;0.8;iDS (VS-264C) color camera with 3.45 um pixel size;;
109pp;Visium Mouse;Mouse Tissue Microarray in 3x3 Layout with 2 mm Edge to Edge Spacing (FFPE);;Spatial Gene Expression;Space Ranger v2.0.1;Mouse;unknown;FFPE;H&E;Specimen from Organism;unknown;adult stage;Visium CytAssist;2023-02-21;Lung Replicate 2;Visium;Creative Commons Attribution 4.0 International;lung;Visium CytAssist v2;RNA;healthy;;spaceranger count;https://www.10xgenomics.com/datasets/mouse-tissue-microarray-in-3x3-layout-with-2-mm-edge-to-edge-spacing-ffpe-2-standard;Visium Mouse Transcriptome Probe Set;28 bp read 1 (16 bp Visium spatial barcode, 12 bp UMI), 90 bp read 2 (transcript), 10 bp i7 sample barcode and 10 bp i5 sample barcode;V52Y10-293;A1;Visium V5 Slide - FFPE v2;19465.0;mm10-2020-A;spaceranger-2.0.1;419;1,465,371;4,977;19,273;Olympus VS200 Slide Scanning Microscope;20x UPLXAPO Objective;0.8;iDS (VS-264C) color camera with 3.45 um pixel size;;
10yhv;Visium Mouse;Mouse Tissue Microarray in 3x3 Layout with 2 mm Edge to Edge Spacing (FFPE);;Spatial Gene Expression;Space Ranger v2.0.1;Mouse;unknown;FFPE;H&E;Specimen from Organism;unknown;adult stage;Visium CytAssist;2023-02-21;Lung Replicate 3;Visium;Creative Commons Attribution 4.0 International;lung;Visium CytAssist v2;RNA;healthy;;spaceranger count;https://www.10xgenomics.com/datasets/mouse-tissue-microarray-in-3x3-layout-with-2-mm-edge-to-edge-spacing-ffpe-2-standard;Visium Mouse Transcriptome Probe Set;28 bp read 1 (16 bp Visium spatial barcode, 12 bp UMI), 90 bp read 2 (transcript), 10 bp i7 sample barcode and 10 bp i5 sample barcode;V52Y10-293;A1;Visium V5 Slide - FFPE v2;19465.0;mm10-2020-A;spaceranger-2.0.1;459;1,337,670;1,744;18,006;Olympus VS200 Slide Scanning Microscope;20x UPLXAPO Objective;0.8;iDS (VS-264C) color camera with 3.45 um pixel size;;
1090h;Visium Mouse;Mouse Tissue Microarray in 3x3 Layout with 2 mm Edge to Edge Spacing (FFPE);;Spatial Gene Expression;Space Ranger v2.0.1;Mouse;unknown;FFPE;H&E;Specimen from Organism;unknown;adult stage;Visium CytAssist;2023-02-21;Lung Replicate 4;Visium;Creative Commons Attribution 4.0 International;lung;Visium CytAssist v2;RNA;healthy;;spaceranger count;https://www.10xgenomics.com/datasets/mouse-tissue-microarray-in-3x3-layout-with-2-mm-edge-to-edge-spacing-ffpe-2-standard;Visium Mouse Transcriptome Probe Set;28 bp read 1 (16 bp Visium spatial barcode, 12 bp UMI), 90 bp read 2 (transcript), 10 bp i7 sample barcode and 10 bp i5 sample barcode;V52Y10-293;A1;Visium V5 Slide - FFPE v2;19465.0;mm10-2020-A;spaceranger-2.0.1;211;2,909,907;6,445;19,164;Olympus VS200 Slide Scanning Microscope;20x UPLXAPO Objective;0.8;iDS (VS-264C) color camera with 3.45 um pixel size;;
102hp;Visium Mouse;Mouse Tissue Microarray in 3x3 Layout with 2 mm Edge to Edge Spacing (FFPE);;Spatial Gene Expression;Space Ranger v2.0.1;Mouse;unknown;FFPE;H&E;Specimen from Organism;unknown;adult stage;Visium CytAssist;2023-02-21;Lung Replicate 5;Visium;Creative Commons Attribution 4.0 International;lung;Visium CytAssist v2;RNA;healthy;;spaceranger count;https://www.10xgenomics.com/datasets/mouse-tissue-microarray-in-3x3-layout-with-2-mm-edge-to-edge-spacing-ffpe-2-standard;Visium Mouse Transcriptome Probe Set;28 bp read 1 (16 bp Visium spatial barcode, 12 bp UMI), 90 bp read 2 (transcript), 10 bp i7 sample barcode and 10 bp i5 sample barcode;V52Y10-293;A1;Visium V5 Slide - FFPE v2;19465.0;mm10-2020-A;spaceranger-2.0.1;394;1,558,351;6,982;19,292;Olympus VS200 Slide Scanning Microscope;20x UPLXAPO Objective;0.8;iDS (VS-264C) color camera with 3.45 um pixel size;;
106ip;Human Brain Cancer, 11 mm Capture Area (FFPE);Human Brain Cancer, 11 mm Capture Area (FFPE);;Spatial Gene Expression;Space Ranger v2.0.1;Human;unknown;FFPE;H&E;Specimen from Organism;unknown;unknown;Visium CytAssist;2023-02-14;;Visium;Creative Commons Attribution 4.0 International;brain;Visium CytAssist v2;RNA;brain cancer;;spaceranger count;https://www.10xgenomics.com/datasets/human-brain-cancer-11-mm-capture-area-ffpe-2-standard;Visium Human Transcriptome Probe Set v2.0;28bp read 1 (16bp Visium spatial barcode, 12bp UMI), 90bp read 2 (transcript), 10bp i7 sample barcode and 10bp i5 sample barcode;V52Y10-317;B1;Visium V5 Slide - FFPE v2;18085.0;GRCh38-2020-A;spaceranger-2.0.1;10,878;74,057;4,600;18,076;Olympus VS200 Slide Scanning Microscope;20x UPLXAPO Objective;0.8;VS-264C;500 µs;
10kmy;Human Lung Cancer, 11 mm Capture Area (FFPE);Human Lung Cancer, 11 mm Capture Area (FFPE);;Spatial Gene Expression;Space Ranger v2.0.1;Human;unknown;FFPE;H&E;Specimen from Organism;unknown;unknown;Visium CytAssist;2023-02-14;;Visium;Creative Commons Attribution 4.0 International;lung;Visium CytAssist v2;RNA;lung cancer;;spaceranger count;https://www.10xgenomics.com/datasets/human-lung-cancer-11-mm-capture-area-ffpe-2-standard;Visium Human Transcriptome Probe Set v2.0;28bp read 1 (16bp Visium spatial barcode, 12bp UMI), 90bp read 2 (transcript), 10bp i7 sample barcode and 10bp i5 sample barcode;V52Y10-286;B1;Visium V5 Slide - FFPE v2;18085.0;GRCh38-2020-A;spaceranger-2.0.1;6,195;136,379;10,087;18,077;Olympus VS200 Slide Scanning Microscope;20x UPLXAPO Objective;0.8;VS-264C;500 µs;
10iky;Human Kidney, 11 mm Capture Area (FFPE);Human Kidney, 11 mm Capture Area (FFPE);;Spatial Gene Expression;Space Ranger v2.0.1;Human;unknown;FFPE;H&E;Specimen from Organism;unknown;unknown;Visium CytAssist;2023-02-14;;Visium;Creative Commons Attribution 4.0 International;kidney;Visium CytAssist v2;RNA;healthy;;spaceranger count;https://www.10xgenomics.com/datasets/human-kidney-11-mm-capture-area-ffpe-2-standard;Visium Human Transcriptome Probe Set v2.0;28bp read 1 (16bp Visium spatial barcode, 12bp UMI), 90bp read 2 (transcript), 10bp i7 sample barcode and 10bp i5 sample barcode;V52Y10-365;A1;Visium V5 Slide - FFPE v2;18085.0;GRCh38-2020-A;spaceranger-2.0.1;5,936;152,554;5,547;18,068;Olympus VS200 Slide Scanning Microscope;20x UPLXAPO Objective;0.8;VS-264C;500 µs;
10drc;Human Colorectal Cancer, 11 mm Capture Area (FFPE);Human Colorectal Cancer, 11 mm Capture Area (FFPE);;Spatial Gene Expression;Space Ranger v2.0.1;Human;unknown;FFPE;H&E;Specimen from Organism;unknown;unknown;Visium CytAssist;2023-02-14;;Visium;Creative Commons Attribution 4.0 International;colorectal;Visium CytAssist v2;RNA;colorectal cancer;;spaceranger count;https://www.10xgenomics.com/datasets/human-colorectal-cancer-11-mm-capture-area-ffpe-2-standard;Visium Human Transcriptome Probe Set v2.0;28bp read 1 (16bp Visium spatial barcode, 12bp UMI), 90bp read 2 (transcript), 10bp i7 sample barcode and 10bp i5 sample barcode;V52Y10-310;A1;Visium V5 Slide - FFPE v2;18085.0;GRCh38-2020-A;spaceranger-2.0.1;9,080;100,335;9,560;18,077;Olympus VS200 Slide Scanning Microscope;20x UPLXAPO Objective;0.8;VS-264C;500 µs;
10ake;Fresh Frozen Visium on CytAssist: Mouse Brain, Probe-Based Whole Transcriptome Profiling;Fresh Frozen Visium on CytAssist: Mouse Brain, Probe-Based Whole Transcriptome Profiling;;Spatial Gene Expression;Space Ranger v2.0.1;Mouse;unknown;Fresh Frozen;H&E;Specimen from Organism;unknown;unknown;Visium CytAssist;2023-01-06;;Visium;Creative Commons Attribution 4.0 International;brain;Visium CytAssist v2;RNA;healthy;;spaceranger count;https://www.10xgenomics.com/datasets/fresh-frozen-visium-on-cytassist-mouse-brain-probe-based-whole-transcriptome-profiling-2-standard;Visium Mouse Transcriptome Probe Set;28bp read 1 (16bp Visium spatial barcode, 12bp UMI), 90bp read 2 (transcript), 10bp i7 sample barcode and 10bp i5 sample barcode;V42U20-064;A1;Visium V4 Slide - FFPE v2;19465.0;mm10-2020-A;spaceranger-2.0.1;4,298;40,329;6,178;16,998;Olympus VS200 Slide Scanning Microscope;20x UPLXAPO Objective;0.8;VS-264C;500 µs;
100my;Fresh Frozen Visium on CytAssist: Human Breast Cancer, Probe-Based Whole Transcriptome Profiling;Fresh Frozen Visium on CytAssist: Human Breast Cancer, Probe-Based Whole Transcriptome Profiling;;Spatial Gene Expression;Space Ranger v2.0.1;Human;unknown;Fresh Frozen;H&E;Specimen from Organism;unknown;unknown;Visium CytAssist;2023-01-06;;Visium;Creative Commons Attribution 4.0 International;breast;Visium CytAssist v2;RNA;breast cancer;;spaceranger count;https://www.10xgenomics.com/datasets/fresh-frozen-visium-on-cytassist-human-breast-cancer-probe-based-whole-transcriptome-profiling-2-standard;Visium Human Transcriptome Probe Set v2.0;28bp read 1 (16bp Visium spatial barcode, 12bp UMI), 90bp read 2 (transcript), 10bp i7 sample barcode and 10bp i5 sample barcode;V42U20-030;A1;Visium V4 Slide - FFPE v2;18085.0;GRCh38-2020-A;spaceranger-2.0.1;1,657;45,766;6,782;16,387;Olympus VS200 Slide Scanning Microscope;20x UPLXAPO Objective;0.8;VS-264C;500 µs;
108rf;Human Ovarian Cancer, 11 mm Capture Area (FFPE);Human Ovarian Cancer, 11 mm Capture Area (FFPE);;Spatial Gene Expression;Space Ranger v2.0.0;Human;unknown;FFPE;H&E;Specimen from Organism;unknown;unknown;Visium CytAssist;2022-07-14;;Visium;Creative Commons Attribution 4.0 International;ovary;Visium CytAssist v2;RNA;ovarian cancer;;spaceranger count;https://www.10xgenomics.com/datasets/human-ovarian-cancer-11-mm-capture-area-ffpe-2-standard;Visium Human Transcriptome Probe Set v2.0;28bp read 1 (16bp Visium spatial barcode, 12bp UMI), 90bp read 2 (transcript), 10bp i7 sample barcode and 10bp i5 sample barcode;V52Y09-003;B1;Visium V5 Slide - FFPE v2;18085.0;GRCh38-2020-A;spaceranger-2.0.0;4,674;46,109;8,792;18,064;Olympus Slide Scanning Microscope;20X UPLXAPO Objective;0.8;Hamamatsu Orca FusionBT sCMOS;;
10sn3;Human Lung Cancer (FFPE);Human Lung Cancer (FFPE);;Spatial Gene Expression;Space Ranger v2.0.0;Human;unknown;FFPE;H&E;Specimen from Organism;unknown;unknown;Visium CytAssist;2022-07-13;;Visium;Creative Commons Attribution 4.0 International;lung;Visium CytAssist v2;RNA;lung cancer;;spaceranger count;https://www.10xgenomics.com/datasets/human-lung-cancer-ffpe-2-standard;Visium Human Transcriptome Probe Set v2.0;28bp read 1 (16bp Visium spatial barcode, 12bp UMI), 90bp read 2 (transcript), 10bp i7 sample barcode and 10bp i5 sample barcode;V42A20-354;D1;Visium V4 Slide - FFPE v2;18085.0;GRCh38-2020-A;spaceranger-2.0.0;3,858;35,785;6,174;18,066;Olympus VS200 Slide Scanning Microscope;20x UPLXAPO Objective;0.8;VS-264C;500 µs;
10834;Mouse Brain Coronal;Mouse Brain Coronal (FFPE), 2 Sections;;Spatial Gene Expression;Space Ranger v2.0.0;Mouse;unknown;FFPE;H&E;Specimen from Organism;unknown;unknown;Visium CytAssist;2022-07-13;Section 2;Visium;Creative Commons Attribution 4.0 International;brain;Visium CytAssist v2;RNA;healthy;;spaceranger count;https://www.10xgenomics.com/datasets/mouse-brain-coronal-section-2-ffpe-2-standard;Visium Mouse Transcriptome Probe Set;28bp read 1 (16bp Visium spatial barcode, 12bp UMI), 90bp read 2 (transcript), 10bp i7 sample barcode and 10bp i5 sample barcode;V42A20-353;D1;Visium V4 Slide - FFPE v2;19465.0;mm10-2020-A;spaceranger-2.0.0;2,235;51,674;5,303;19,306;Olympus VS200 Slide Scanning Microscope;20x UPLXAPO Objective;0.8;VS-264C;500 µs;
10ndj;Mouse Brain Coronal;Mouse Brain Coronal (FFPE), 2 Sections;;Spatial Gene Expression;Space Ranger v2.0.0;Mouse;unknown;FFPE;H&E;Specimen from Organism;unknown;unknown;Visium CytAssist;2022-07-13;Section 1;Visium;Creative Commons Attribution 4.0 International;brain;Visium CytAssist v2;RNA;healthy;;spaceranger count;https://www.10xgenomics.com/datasets/mouse-brain-coronal-section-1-ffpe-2-standard;Visium Mouse Transcriptome Probe Set;28bp read 1 (16bp Visium spatial barcode, 12bp UMI), 90bp read 2 (transcript), 10bp i7 sample barcode and 10bp i5 sample barcode;V42A20-353;A1;Visium V4 Slide - FFPE v2;19465.0;mm10-2020-A;spaceranger-2.0.0;2,310;53,497;6,736;19,352;Olympus VS200 Slide Scanning Microscope;20x UPLXAPO Objective;0.8;VS-264C;500 µs;
10ieh;Human Melanoma, IF Stained (FFPE);Human Melanoma, IF Stained (FFPE);;Spatial Gene Expression;Space Ranger v2.0.0;Human;unknown;FFPE;IF;Specimen from Organism;unknown;unknown;Visium CytAssist;2022-07-13;;Visium;Creative Commons Attribution 4.0 International;skin;Visium CytAssist v2;RNA;melanoma;;spaceranger count;https://www.10xgenomics.com/datasets/human-melanoma-if-stained-ffpe-2-standard;Visium Human Transcriptome Probe Set v2.0;28bp read 1 (16bp Visium spatial barcode, 12bp UMI), 90bp read 2 (transcript), 10bp i7 sample barcode and 10bp i5 sample barcode;V42A20-355;A1;Visium V4 Slide - FFPE v2;18085.0;GRCh38-2020-A;spaceranger-2.0.0;3,458;55,952;7,598;18,069;Olympus VS200 Slide Scanning Microscope;20x UPLXAPO Objective;0.8;Hamamatsu ORCA-Fusion;2.5 ms;
10u6u;Adult Mouse Olfactory Bulb;Adult Mouse Olfactory Bulb;;Spatial Gene Expression;Space Ranger v2.0.0;Mouse;unknown;Fresh Frozen;H&E;Specimen from Organism;unknown;unknown;;2022-07-12;;Visium;Creative Commons Attribution 4.0 International;olfactory bulb;Visium v1;RNA;healthy;;spaceranger count;https://www.10xgenomics.com/datasets/adult-mouse-olfactory-bulb-1-standard-1;;Paired-end (28 X 90), Dual-Indexed Sequencing;V10N30-322;A1;Visium V1 Slide - 3';;mm10-2020-A;spaceranger-2.0.0;1,185;39,560;4,790;19,332;;20X objective;;Brightfield camera;;
106ru;Human Prostate Cancer, Adjacent Normal Section with IF Staining (FFPE);Human Prostate Cancer, Adjacent Normal Section with IF Staining (FFPE);;Spatial Gene Expression;Space Ranger v2.0.0;Human;unknown;FFPE;IF;Specimen from Organism;unknown;unknown;;2022-07-12;;Visium;Creative Commons Attribution 4.0 International;prostate;Visium v1;RNA;prostate cancer;;spaceranger count;https://www.10xgenomics.com/datasets/human-prostate-cancer-adjacent-normal-section-with-if-staining-ffpe-1-standard;Visium Human Transcriptome Probe Set;28bp read 1 (16bp Visium spatial barcode, 12bp UMI), 50bp read2 (transcript), 10bp i7 sample barcode and 10bp i5 sample barcode;V11J26-076;D1;Visium V1 Slide - FFPE v1;17943.0;GRCh38-2020-A;spaceranger-2.0.0;3,460;29,191;4,614;16,979;Metafer Slide Scanning Microscope;20x objective;0.8;MetaSystems CoolCube 4c camera;;
10wkh;Human Cerebellum: Targeted;Human Cerebellum: Targeted;Neuroscience Panel;Spatial Gene Expression;Space Ranger v2.0.0;Human;unknown;Fresh Frozen;H&E;Specimen from Organism;unknown;unknown;;2022-07-12;;Visium;Creative Commons Attribution 4.0 International;cerebellum;Visium v1;RNA;healthy;;spaceranger count;https://www.10xgenomics.com/datasets/human-cerebellum-targeted-neuroscience-panel-1-standard;;Paired-end (28 X 90), Dual-Indexed Sequencing, T1T2-E2;V10M18-056;C1;Spatial 3' v1;1186.0;GRCh38-2020-A;spaceranger-1.2.0;4,992;10,200;;1,142;Nikon Eclipse Ti2-E microscope;10X objective;0.45;Color camera;1 ms;
10k5p;Human Breast Cancer: Visium Fresh Frozen, Whole Transcriptome;uman Breast Cancer: Visium Fresh Frozen, Whole Transcriptome;;Spatial Gene Expression;Space Ranger v1.3.0;Human;unknown;Fresh Frozen;H&E;Specimen from Organism;unknown;unknown;;2022-07-01;;Visium;Creative Commons Attribution 4.0 International;breast;Visium v1;RNA;breast cancer;;spaceranger count;https://www.10xgenomics.com/datasets/human-breast-cancer-visium-fresh-frozen-whole-transcriptome-1-standard;;28 x 120 bp;V19B23-014;A1;Spatial 3' v1;;GRCh38-2020-A;spaceranger-1.3.0;4,898;47,223;3,654;24,387;Nikon Ti2-E microscope;20X objective;0.75;Color camera;10 ms;4.5X
10vcj;Human Ovarian Cancer (FFPE);Human Ovarian Cancer (FFPE);;Spatial Gene Expression;Space Ranger v1.3.0;Human;unknown;FFPE;H&E;Specimen from Organism;unknown;unknown;;2022-03-28;;Visium;Creative Commons Attribution 4.0 International;ovary;Visium v1;RNA;ovarian cancer;;spaceranger count;https://www.10xgenomics.com/datasets/human-ovarian-cancer-1-standard;Visium Human Transcriptome Probe Set;28 bp read 1 (16 bp Visium spatial barcode, 12 bp UMI), 75 bp read 2 (transcript), 10 bp i7 sample barcode and 10 bp i5 sample barcode;V10L13-020;D1;Spatial 3' v1;17943.0;GRCh38-2020-A;spaceranger-1.3.0;3,455;63,836;7,621;17,294;;;;;;
10hm6;Human Cervical Cancer (FFPE);Human Cervical Cancer (FFPE);;Spatial Gene Expression;Space Ranger v1.3.0;Human;unknown;FFPE;H&E;Specimen from Organism;unknown;unknown;;2022-03-28;;Visium;Creative Commons Attribution 4.0 International;cervix;Visium v1;RNA;cervical cancer;;spaceranger count;https://www.10xgenomics.com/datasets/human-cervical-cancer-1-standard;Visium Human Transcriptome Probe Set;28 bp read 1 (16 bp Visium spatial barcode, 12 bp UMI), 50 bp read 2 (transcript), 10 bp i7 sample barcode and 10 bp i5 sample barcode;V10L13-019;A1;Spatial 3' v1;17943.0;GRCh38-2020-A;spaceranger-1.3.0;2,781;73,046;7,276;17,871;;;;;;
1000j;Human Intestine Cancer (FPPE);Human Intestine Cancer (FPPE);;Spatial Gene Expression;Space Ranger v1.3.0;Human;unknown;FFPE;H&E;Specimen from Organism;unknown;unknown;;2022-03-28;;Visium;Creative Commons Attribution 4.0 International;large intestine;Visium v1;RNA;large intestine colorectal cancer;;spaceranger count;https://www.10xgenomics.com/datasets/human-intestine-cancer-1-standard;Visium Human Transcriptome Probe Set;28 bp read 1 (16 bp Visium spatial barcode, 12 bp UMI), 50 bp read 2 (transcript), 10 bp i7 sample barcode and 10 bp i5 sample barcode;V10L13-021;B1;Spatial 3' v1;17943.0;GRCh38-2020-A;spaceranger-1.3.0;2,660;77,288;7,438;17,579;;;;;;
10f2z;Human Prostate Cancer, Acinar Cell Carcinoma (FFPE);Human Prostate Cancer, Acinar Cell Carcinoma (FFPE);;Spatial Gene Expression;Space Ranger v1.3.0;Human;unknown;FFPE;H&E;Specimen from Organism;unknown;unknown;;2021-10-08;;Visium;Creative Commons Attribution 4.0 International;prostate;Visium v1;RNA;prostate cancer;;spaceranger count;https://www.10xgenomics.com/datasets/human-prostate-cancer-acinar-cell-carcinoma-ffpe-1-standard;Visium Human Transcriptome Probe Set;28bp read 1 (16bp Visium spatial barcode, 12bp UMI), 50bp read2 (transcript), 10bp i7 sample barcode and 10bp i5 sample barcode;V11J26-002;B1;Spatial 3' v1;17943.0;GRCh38-2020-A;spaceranger-1.3.0;3,043;50,207;6,720;17,350;Metafer Slide Scanning Microscope;20x objective;0.8;MetaSystems CoolCube 4c camera;;
103mc;Adult Mouse Kidney (FFPE);Adult Mouse Kidney (FFPE);;Spatial Gene Expression;Space Ranger v1.3.0;Mouse;unknown;FFPE;;Specimen from Organism;1;adult stage;;2021-08-16;;Visium;Creative Commons Attribution 4.0 International;kidney;Visium v1;RNA;unknown;;spaceranger count;https://www.10xgenomics.com/datasets/adult-mouse-kidney-ffpe-1-standard-1-3-0;Visium Mouse Transcriptome Probe Set;28bp read 1 (16bp Visium spatial barcode, 12bp UMI), 120bp read2 (transcript), 10bp i7 sample barcode and 10bp i5 sample barcode;V11A13-021;C1;Spatial 3' v1;19465.0;mm10-2020-A;spaceranger-1.3.0;3,124;53,993;7,260;18,162;Metafer Slide Scanning Microscope;20x objective;0.8;MetaSystems CoolCube 4c camera;;
10kz7;Adult Mouse Brain, IF Stained (FFPE);Adult Mouse Brain, IF Stained (FFPE);;Spatial Gene Expression;Space Ranger v1.3.0;Mouse;unknown;FFPE;IF;Specimen from Organism;1;adult stage;;2021-08-16;;Visium;Creative Commons Attribution 4.0 International;brain;Visium v1;RNA;unknown;;spaceranger count;https://www.10xgenomics.com/datasets/adult-mouse-brain-if-stained-ffpe-1-standard-1-3-0;Visium Mouse Transcriptome Probe Set;28bp read 1 (16bp Visium spatial barcode, 12bp UMI), 120bp read2 (transcript), 10bp i7 sample barcode and 10bp i5 sample barcode;V11J26-128;A1;Spatial 3' v1;19465.0;mm10-2020-A;spaceranger-1.3.0;2,438;30,337;6,056;16,789;Metafer Slide Scanning Microscope;20x objective;0.8;MetaSystems CoolCube 4c camera;;
10uf7;Adult Mouse Brain (FFPE);Adult Mouse Brain (FFPE);;Spatial Gene Expression;Space Ranger v1.3.0;Mouse;unknown;FFPE;;Specimen from Organism;1;8-week-old stage;;2021-08-16;;Visium;Creative Commons Attribution 4.0 International;brain;Visium v1;RNA;unknown;;spaceranger count;https://www.10xgenomics.com/datasets/adult-mouse-brain-ffpe-1-standard-1-3-0;Visium Mouse Transcriptome Probe Set;28bp read 1 (16bp Visium spatial barcode, 12bp UMI), 120bp read2 (transcript), 10bp i7 sample barcode and 10bp i5 sample barcode;V11J26-127;B1;Spatial 3' v1;19465.0;mm10-2020-A;spaceranger-1.3.0;2,264;28,826;6,160;16,876;Metafer Slide Scanning Microscope;20x objective;0.8;MetaSystems CoolCube 4c camera;;
1005m;Normal Human Prostate;Human Prostate Cancer and Non-Diseased (FFPE);;Spatial Gene Expression;Space Ranger v1.3.0;Human;unknown;FFPE;;Specimen from Organism;1;unknown;healthy;2021-06-09;;Visium;Creative Commons Attribution 4.0 International;prostate;Visium v1;RNA;healthy;;spaceranger count;https://www.10xgenomics.com/datasets/normal-human-prostate-ffpe-1-standard-1-3-0;Visium Human Transcriptome Probe Set;28bp read 1 (16bp Visium spatial barcode, 12bp UMI), 50bp read2 (transcript), 10bp i7 sample barcode and 10bp i5 sample barcode;V11J26-011;D1;Spatial 3' v1;17943.0;GRCh38-2020-A;spaceranger-1.3.0;2,543;28,464;2,945;16,527;Metafer Slide Scanning Microscope;20x objective;0.8;MetaSystems CoolCube 4c camera;;
10uik;Human Prostate Cancer;Human Prostate Cancer and Non-Diseased (FFPE);;Spatial Gene Expression;Space Ranger v1.3.0;Human;unknown;FFPE;;Specimen from Organism;1;unknown;Adenocarcinoma with Invasive Carcinoma;2021-06-09;;Visium;Creative Commons Attribution 4.0 International;prostate;Visium v1;RNA;Adenocarcinoma;;spaceranger count;https://www.10xgenomics.com/datasets/human-prostate-cancer-adenocarcinoma-with-invasive-carcinoma-ffpe-1-standard-1-3-0;Visium Human Transcriptome Probe Set;28bp read 1 (16bp Visium spatial barcode, 12bp UMI), 50bp read2 (transcript), 10bp i7 sample barcode and 10bp i5 sample barcode;V11J26-003;B1;Spatial 3' v1;17943.0;GRCh38-2020-A;spaceranger-1.3.0;4,371;23,087;5,391;16,907;Metafer Slide Scanning Microscope;20x objective;0.8;MetaSystems CoolCube 4c camera;;
10jcz;Human Breast Cancer: Ductal Carcinoma In Situ, Invasive Carcinoma (FFPE);;;Spatial Gene Expression;Space Ranger v1.3.0;Human;unknown;FFPE;;Specimen from Organism;1;adult stage;;2021-06-09;;Visium;Creative Commons Attribution 4.0 International;breast;Visium v1;RNA;Invasive Ductal Carcinoma;;spaceranger count;https://www.10xgenomics.com/datasets/human-breast-cancer-ductal-carcinoma-in-situ-invasive-carcinoma-ffpe-1-standard-1-3-0;Visium Human Transcriptome Probe Set;28bp read 1 (16bp Visium spatial barcode, 12bp UMI), 50bp read2 (transcript), 10bp i7 sample barcode and 10bp i5 sample barcode;V11J26-008;B1;Spatial 3' v1;17943.0;GRCh38-2020-A;spaceranger-1.3.0;2,518;32,524;5,244;17,651;Metafer Slide Scanning Microscope;20x objective;0.8;MetaSystems CoolCube 4c camera;;
10vtf;Invasive Ductal Carcinoma Stained With Fluorescent CD3 Antibody;Invasive Ductal Carcinoma Stained With Fluorescent CD3 Antibody;;Spatial Gene Expression;Space Ranger v1.2.0;Human;unknown;Fresh Frozen;DAPI|antibodies;Specimen from Organism;1;unknown;;2021-05-11;;Visium;Creative Commons Attribution 4.0 International;breast;Visium v1;RNA;Invasive Ductal Carcinoma;;spaceranger count;https://www.10xgenomics.com/datasets/invasive-ductal-carcinoma-stained-with-fluorescent-cd-3-antibody-1-standard-1-2-0;;Paired-end (28 X 90);SI-TT-A12;A2;Spatial 3' v1;;GRCh38-2020-A;spaceranger-1.2.0;4,727;40,795;2,964;23,678;;;;;;
101cw;Human Spinal Cord. Stains: DAPI, Anti-SNAP25, Anti-GFAP, Anti-Myelin CNPase;Human Spinal Cord, Neuroscience and Whole Transcriptome Panels;Whole Transcriptome Analysis;Spatial Gene Expression;Space Ranger v1.2.0;Human;unknown;Fresh Frozen;DAPI|antibodies;Specimen from Organism;1;unknown;;2020-10-27;Whole Transcriptome Analysis;Visium;Creative Commons Attribution 4.0 International;spinal cord;Visium v1;RNA;unknown;;spaceranger count;https://www.10xgenomics.com/datasets/human-spinal-cord-whole-transcriptome-analysis-stains-dapi-anti-snap-25-anti-gfap-anti-myelin-cn-pase-1-standard-1-2-0;;Paired-end (28 X 90), Dual-Indexed Sequencing, T1T2-A2;V10A15-100;C1;Spatial 3' v1;;GRCh38-2020-A;spaceranger-1.2.0;2,812;77,754;2,254;23,955;;;;;;
10wth;Human Spinal Cord. Stains: DAPI, Anti-SNAP25, Anti-GFAP, Anti-Myelin CNPase;Human Spinal Cord, Neuroscience and Whole Transcriptome Panels;Neuroscience Panel;Spatial Gene Expression;Space Ranger v1.2.0;Human;unknown;Fresh Frozen;DAPI|antibodies;Specimen from Organism;1;unknown;;2020-10-27;Targeted, Neuroscience Panel;Visium;Creative Commons Attribution 4.0 International;spinal cord;Visium v1;RNA;unknown;;spaceranger count;https://www.10xgenomics.com/datasets/human-spinal-cord-targeted-neuroscience-panel-stains-dapi-anti-snap-25-anti-gfap-anti-myelin-cn-pase-1-standard-1-2-0;;Paired-end (28 X 90), Dual-Indexed Sequencing, T1T2-A2;V10A15-100;C1;Spatial 3' v1;1186.0;GRCh38-2020-A;spaceranger-1.2.0;2,812;10,761;;1,141;;;;;;
10rxw;Human Ovarian Cancer. Stains: DAPI, Anti-PanCK, Anti-CD45;Human Ovarian Cancer, Targeted and Whole Transcriptome Panels;Whole Transcriptome Analysis;Spatial Gene Expression;Space Ranger v1.2.0;Human;unknown;Fresh Frozen;antibodies|DAPI;Specimen from Organism;1;unknown;;2020-10-27;Whole Transcriptome Analysis;Visium;Creative Commons Attribution 4.0 International;ovary;Visium v1;RNA;Endometrial Adenocarcinoma;;spaceranger count;https://www.10xgenomics.com/datasets/human-ovarian-cancer-whole-transcriptome-analysis-stains-dapi-anti-pan-ck-anti-cd-45-1-standard-1-2-0;;Paired-end (28 X 90), Dual-Indexed Sequencing, T1T2-H6;V10A13-173;B1;Spatial 3' v1;;GRCh38-2020-A;spaceranger-1.2.0;3,493;80,586;3,464;24,019;;;;;;
10tyd;Human Ovarian Cancer. Stains: DAPI, Anti-PanCK, Anti-CD45;Human Ovarian Cancer, Targeted and Whole Transcriptome Panels;Pan-Cancer Panel;Spatial Gene Expression;Space Ranger v1.2.0;Human;unknown;Fresh Frozen;antibodies|DAPI;Specimen from Organism;1;unknown;;2020-10-27;Targeted, Pan-Cancer Panel;Visium;Creative Commons Attribution 4.0 International;ovary;Visium v1;RNA;Endometrial Adenocarcinoma;;spaceranger count;https://www.10xgenomics.com/datasets/human-ovarian-cancer-targeted-pan-cancer-panel-stains-dapi-anti-pan-ck-anti-cd-45-1-standard-1-2-0;;Paired-end (28 X 90), Dual-Indexed Sequencing, T1T2-H6;V10A13-173;B1;Spatial 3' v1;1253.0;GRCh38-2020-A;spaceranger-1.2.0;3,493;20,156;;1,198;;;;;;
10j0z;Human Ovarian Cancer. Stains: DAPI, Anti-PanCK, Anti-CD45;Human Ovarian Cancer, Targeted and Whole Transcriptome Panels;Immunology Panel;Spatial Gene Expression;Space Ranger v1.2.0;Human;unknown;Fresh Frozen;antibodies|DAPI;Specimen from Organism;1;unknown;;2020-10-27;Targeted, Immunology Panel;Visium;Creative Commons Attribution 4.0 International;ovary;Visium v1;RNA;Endometrial Adenocarcinoma;;spaceranger count;https://www.10xgenomics.com/datasets/human-ovarian-cancer-targeted-immunology-panel-stains-dapi-anti-pan-ck-anti-cd-45-1-standard-1-2-0;;Paired-end (28 X 90), Dual-Indexed Sequencing, T1T2-H6;V10A13-173;B1;Spatial 3' v1;1056.0;GRCh38-2020-A;spaceranger-1.2.0;3,493;10,391;;991;;;;;;
10wcj;Human Glioblastoma;Human Glioblastoma, Targeted and Whole Transcriptome Panels;Whole Transcriptome Analysis;Spatial Gene Expression;Space Ranger v1.2.0;Human;unknown;Fresh Frozen;H&E;Specimen from Organism;1;unknown;;2020-10-27;Whole Transcriptome Analysis;Visium;Creative Commons Attribution 4.0 International;brain;Visium v1;RNA;Glioblastoma Multiforme;;spaceranger count;https://www.10xgenomics.com/datasets/human-glioblastoma-whole-transcriptome-analysis-1-standard-1-2-0;;Paired-end (28 X 90), Dual-Indexed Sequencing, T1T2-E4;V10A13-167;C1;Spatial 3' v1;;GRCh38-2020-A;spaceranger-1.2.0;3,468;136,128;4,326;25,281;Nikon Eclipse Ti2-E microscope;10X objective;0.45;Color camera;20 ms;
10zyf;Human Glioblastoma;Human Glioblastoma, Targeted and Whole Transcriptome Panels;Pan-Cancer Panel;Spatial Gene Expression;Space Ranger v1.2.0;Human;unknown;Fresh Frozen;H&E;Specimen from Organism;1;unknown;;2020-10-27;Targeted, Pan-Cancer Panel;Visium;Creative Commons Attribution 4.0 International;brain;Visium v1;RNA;Glioblastoma Multiforme;;spaceranger count;https://www.10xgenomics.com/datasets/human-glioblastoma-targeted-pan-cancer-panel-1-standard-1-2-0;;Paired-end (28 X 90), Dual-Indexed Sequencing, T1T2-E4;V10A13-167;C1;Spatial 3' v1;1253.0;GRCh38-2020-A;spaceranger-1.2.0;3,468;16,383;;1,198;Nikon Eclipse Ti2-E microscope;10X objective;0.45;Color camera;20 ms;
10zad;Human Colorectal Cancer;Human Colorectal Cancer, Targeted and Whole Transcriptome Panels;Whole Transcriptome Analysis;Spatial Gene Expression;Space Ranger v1.2.0;Human;unknown;Fresh Frozen;H&E;Specimen from Organism;1;unknown;;2020-10-27;Whole Transcriptome Analysis;Visium;Creative Commons Attribution 4.0 International;large intestine;Visium v1;RNA;Invasive Adenocarcinoma;;spaceranger count;https://www.10xgenomics.com/datasets/human-colorectal-cancer-whole-transcriptome-analysis-1-standard-1-2-0;;Paired-end (28 X 90), Dual-Indexed Sequencing, T1T2-E8;V10A13-206;C1;Spatial 3' v1;;GRCh38-2020-A;spaceranger-1.2.0;3,138;112,228;3,538;23,233;Nikon Eclipse Ti2-E microscope;10X objective;0.45;Color camera;20 ms;
10kia;Human Colorectal Cancer;Human Colorectal Cancer, Targeted and Whole Transcriptome Panels;Gene Signature Panel;Spatial Gene Expression;Space Ranger v1.2.0;Human;unknown;Fresh Frozen;H&E;Specimen from Organism;1;unknown;;2020-10-27;Targeted, Gene Signature Panel;Visium;Creative Commons Attribution 4.0 International;large intestine;Visium v1;RNA;Invasive Adenocarcinoma;;spaceranger count;https://www.10xgenomics.com/datasets/human-colorectal-cancer-targeted-gene-signature-panel-1-standard-1-2-0;;Paired-end (28 X 90), Dual-Indexed Sequencing, T1T2-E8;V10A13-206;C1;Spatial 3' v1;1142.0;GRCh38-2020-A;spaceranger-1.2.0;3,138;16,795;;1,134;Nikon Eclipse Ti2-E microscope;10X objective;0.45;Color camera;20 ms;
10kyn;Human Cerebellum;Human Cerebellum, Targeted and Whole Transcriptome Panels;Whole Transcriptome Analysis;Spatial Gene Expression;Space Ranger v1.2.0;Human;unknown;Fresh Frozen;H&E;Specimen from Organism;1;unknown;;2020-10-27;Whole Transcriptome Analysis;Visium;Creative Commons Attribution 4.0 International;cerebellum;Visium v1;RNA;unknown;;spaceranger count;https://www.10xgenomics.com/datasets/human-cerebellum-whole-transcriptome-analysis-1-standard-1-2-0;;Paired-end (28 X 90), Dual-Indexed Sequencing, T1T2-E2;V10M18-056;C1;Spatial 3' v1;;GRCh38-2020-A;spaceranger-1.2.0;4,992;42,431;2,865;23,808;Nikon Eclipse Ti2-E microscope;10X objective;0.45;Color camera;1 ms;
1012t;Human Cerebellum;Human Cerebellum, Targeted and Whole Transcriptome Panels;Neuroscience Panel;Spatial Gene Expression;Space Ranger v1.2.0;Human;unknown;Fresh Frozen;H&E;Specimen from Organism;1;unknown;;2020-10-27;Targeted, Neuroscience Panel;Visium;Creative Commons Attribution 4.0 International;cerebellum;Visium v1;RNA;unknown;;spaceranger count;https://www.10xgenomics.com/datasets/human-cerebellum-targeted-neuroscience-panel-1-standard-1-2-0;;Paired-end (28 X 90), Dual-Indexed Sequencing, T1T2-E2;V10M18-056;C1;Visium V1 Slide - Targeted;1186.0;GRCh38-2020-A;spaceranger-2.0.0;4,992;10,200;;1,142;Nikon Eclipse Ti2-E microscope;10X objective;0.45;Color camera;1 ms;
10p19;Human Breast Cancer;Human Breast Cancer, Targeted and Whole Transcriptome Panels;Whole Transcriptome Analysis;Spatial Gene Expression;Space Ranger v1.2.0;Human;unknown;Fresh Frozen;H&E;Specimen from Organism;1;unknown;;2020-10-27;Whole Transcriptome Analysis;Visium;Creative Commons Attribution 4.0 International;breast;Visium v1;RNA;Invasive Lobular Carcinoma;;spaceranger count;https://www.10xgenomics.com/datasets/human-breast-cancer-whole-transcriptome-analysis-1-standard-1-2-0;;Paired-end (28 X 90), Dual-Indexed Sequencing, T1T2-A6;V19L29-095;A1;Spatial 3' v1;;GRCh38-2020-A;spaceranger-1.2.0;4,325;72,436;3,671;23,812;Nikon Eclipse Ti2-E microscope;10X objective;0.45;Color camera;20 ms;
1033x;Human Breast Cancer;Human Breast Cancer, Targeted and Whole Transcriptome Panels;Immunology Panel;Spatial Gene Expression;Space Ranger v1.2.0;Human;unknown;Fresh Frozen;H&E;Specimen from Organism;1;unknown;;2020-10-27;Targeted, Immunology Panel;Visium;Creative Commons Attribution 4.0 International;breast;Visium v1;RNA;Invasive Lobular Carcinoma;;spaceranger count;https://www.10xgenomics.com/datasets/human-breast-cancer-targeted-immunology-panel-1-standard-1-2-0;;Paired-end (28 X 90), Dual-Indexed Sequencing, T1T2-A6;V19L29-095;A1;Spatial 3' v1;1056.0;GRCh38-2020-A;spaceranger-1.2.0;4,325;16,141;;973;Nikon Eclipse Ti2-E microscope;10X objective;0.45;Color camera;20 ms;
101in;Mouse Kidney Section (Coronal);Mouse Kidney Section (Coronal);;Spatial Gene Expression;Space Ranger v1.1.0;Mouse;unknown;Fresh Frozen;H&E;Specimen from Organism;1;unknown;;2020-06-23;;Visium;Creative Commons Attribution 4.0 International;kidney;Visium v1;RNA;unknown;;spaceranger count;https://www.10xgenomics.com/datasets/mouse-kidney-section-coronal-1-standard-1-1-0;;Paired-end (28 X 90), Dual-Indexed Sequencing;V19L29-096;B1;Spatial 3' v1;;mm10-3.0.0;spaceranger-1.0.0;1,438;261,122;5,799;19,207;Nikon Ti2-E microscope;10X objective;0.45;Color camera;2 ms;4.5X
10ktp;Mouse Brain Section (Coronal);Mouse Brain, 3 Space Ranger Versions;;Spatial Gene Expression;Space Ranger v1.1.3;Mouse;unknown;Fresh Frozen;H&E;Specimen from Organism;1;unknown;;2020-06-23;Space Ranger v1.1.3;Visium;Creative Commons Attribution 4.0 International;brain;Visium v1;RNA;unknown;;spaceranger count;https://www.10xgenomics.com/datasets/mouse-brain-section-coronal-1-standard-1-1-0;;Paired-end (28 X 90), Dual-Indexed Sequencing;V19L01-041;C1;Spatial 3' v1;;mm10-2020-A;spaceranger-1.3.0;2,702;115,569;6,018;21,949;Nikon Ti2-E microscope;10X objective;0.45;Color camera;2 ms;4.5X
107rw;Mouse Brain Section (Coronal);Mouse Brain, 3 Space Ranger Versions;;Spatial Gene Expression;Space Ranger v1.1.0;Mouse;unknown;Fresh Frozen;H&E;Specimen from Organism;1;unknown;;2020-06-23;Space Ranger v1.1.0;Visium;Creative Commons Attribution 4.0 International;brain;Visium v1;RNA;unknown;;spaceranger count;https://www.10xgenomics.com/datasets/mouse-brain-section-coronal-1-standard-1-1-0;;Paired-end (28 X 90), Dual-Indexed Sequencing;V19L01-041;C1;Spatial 3' v1;;mm10-2020-A;spaceranger-1.1.0;2,702;115,569;6,018;21,949;Nikon Ti2-E microscope;10X objective;0.45;Color camera;2 ms;4.5X
10jft;Mouse Brain Section (Coronal);Mouse Brain, 3 Space Ranger Versions;;Spatial Gene Expression;Space Ranger v1.0.0;Mouse;unknown;Fresh Frozen;H&E;Specimen from Organism;1;unknown;;2020-06-23;Space Ranger v1.0.0;Visium;Creative Commons Attribution 4.0 International;brain;Visium v1;RNA;unknown;;spaceranger count;https://www.10xgenomics.com/datasets/mouse-brain-section-coronal-1-standard-1-1-0;;Paired-end (28 X 90), Dual-Indexed Sequencing;V19L01-041;C1;Spatial 3' v1;;mm10-3.0.0;spaceranger-1.0.0;2,698;115,740;5,798;20,984;Nikon Ti2-E microscope;10X objective;0.45;Color camera;2 ms;4.5X
105jc;Human Lymph Node;Human Lymph Node, 2 Space Ranger Versions;;Spatial Gene Expression;Space Ranger v1.1.0;Human;unknown;Fresh Frozen;H&E;Specimen from Organism;1;unknown;;2020-06-23;Space Ranger v1.1.0;Visium;Creative Commons Attribution 4.0 International;lymph node;Visium v1;RNA;unknown;;spaceranger count;https://www.10xgenomics.com/datasets/human-lymph-node-1-standard-1-1-0;;28 x 120 bp;V19L01-033;A1;Spatial 3' v1;;GRCh38-2020-A;spaceranger-1.1.0;4,035;123,311;5,999;25,187;Nikon Ti2-E microscope;10X objective;0.45;Color camera;2 ms;4.5X
105vj;Human Lymph Node;Human Lymph Node, 2 Space Ranger Versions;;Spatial Gene Expression;Space Ranger v1.0.0;Human;unknown;Fresh Frozen;H&E;Specimen from Organism;1;unknown;;2020-06-23;Space Ranger v1.0.0;Visium;Creative Commons Attribution 4.0 International;lymph node;Visium v1;RNA;unknown;;spaceranger count;https://www.10xgenomics.com/datasets/human-lymph-node-1-standard-1-1-0;;28 x 120 bp;V19L01-033;A1;Spatial 3' v1;;GRCh38-3.0.0;spaceranger-1.0.0;4,039;123,189;5,347;22,991;Nikon Ti2-E microscope;10X objective;0.45;Color camera;2 ms;4.5X
1025z;Human Heart;Human Heart, 2 Space Ranger Versions;;Spatial Gene Expression;Space Ranger v1.1.0;Human;unknown;Fresh Frozen;H&E;Specimen from Organism;1;unknown;;2020-06-23;Space Ranger v1.1.0;Visium;Creative Commons Attribution 4.0 International;heart;Visium v1;RNA;unknown;;spaceranger count;https://www.10xgenomics.com/datasets/human-heart-1-standard-1-1-0;;28 x 120 bp;V19S16-046;C1;Spatial 3' v1;;GRCh38-2020-A;spaceranger-1.1.0;4,247;51,379;1,957;20,917;Nikon Ti2-E microscope;10X objective;0.45;Color camera;10 ms;4.5X
10e9s;Human Heart;Human Heart, 2 Space Ranger Versions;;Spatial Gene Expression;Space Ranger v1.0.0;Human;unknown;Fresh Frozen;H&E;Specimen from Organism;1;unknown;;2020-06-23;Space Ranger v1.0.0;Visium;Creative Commons Attribution 4.0 International;heart;Visium v1;RNA;unknown;;spaceranger count;https://www.10xgenomics.com/datasets/human-heart-1-standard-1-1-0;;28 x 120 bp;V19S16-046;C1;Spatial 3' v1;;GRCh38-3.0.0;spaceranger-1.0.0;4,235;51,525;1,865;19,574;Nikon Ti2-E microscope;10X objective;0.45;Color camera;10 ms;4.5X
10fmm;Human Breast Cancer;Human Breast Cancer, 2 Sections;;Spatial Gene Expression;Space Ranger v1.1.0;Human;unknown;Fresh Frozen;H&E;Specimen from Organism;1;unknown;;2020-06-23;Block A Section 2;Visium;Creative Commons Attribution 4.0 International;breast;Visium v1;RNA;Invasive Ductal Carcinoma;;spaceranger count;https://www.10xgenomics.com/datasets/human-breast-cancer-block-a-section-2-1-standard-1-1-0;;28 x 120 bp;V19L29-098;B1;Spatial 3' v1;;GRCh38-2020-A;spaceranger-1.1.0;3,987;138,226;5,580;25,072;Nikon Ti2-E microscope;20X objective;0.75;Color camera;10 ms;4.5X
10fty;Human Breast Cancer;Human Breast Cancer, 2 Sections;;Spatial Gene Expression;Space Ranger v1.1.0;Human;unknown;Fresh Frozen;H&E;Specimen from Organism;1;unknown;;2020-06-23;Block A Section 1;Visium;Creative Commons Attribution 4.0 International;breast;Visium v1;RNA;Invasive Ductal Carcinoma;;spaceranger count;https://www.10xgenomics.com/datasets/human-breast-cancer-block-a-section-1-1-standard-1-1-0;;28 x 120 bp;V19L29-097;B1;Spatial 3' v1;;GRCh38-2020-A;spaceranger-1.1.0;3,798;150,392;6,026;24,923;Nikon Ti2-E microscope;20X objective;0.75;Color camera;10 ms;4.5X
104dm;Adult Mouse Brain (Coronal). Stains: DAPI, Anti-GFAP, Anti-NeuN;Adult Mouse Brain, DAPI and antibodies, 2 Section;;Spatial Gene Expression;Space Ranger v1.1.0;Mouse;unknown;Fresh Frozen;IF|DAPI;Specimen from Organism;1;adult stage;;2020-06-23;Section 2;Visium;Creative Commons Attribution 4.0 International;brain;Visium v1;RNA;unknown;;spaceranger count;https://www.10xgenomics.com/datasets/adult-mouse-brain-section-2-coronal-stains-dapi-anti-gfap-anti-neu-n-1-standard-1-1-0;;Paired-end (28 X 90);V10M23-089;B1;Spatial 3' v1;;mm10-2020-A;spaceranger-1.1.0;2,807;56,020;4,221;20,993;;;;;;
10p5f;Adult Mouse Brain (Coronal). Stains: DAPI, Anti-NeuN;Adult Mouse Brain, DAPI and antibodies, 2 Section;;Spatial Gene Expression;Space Ranger v1.1.0;Mouse;unknown;Fresh Frozen;IF|DAPI;Specimen from Organism;1;adult stage;;2020-06-23;Section 1;Visium;Creative Commons Attribution 4.0 International;brain;Visium v1;RNA;unknown;;spaceranger count;https://www.10xgenomics.com/datasets/adult-mouse-brain-section-1-coronal-stains-dapi-anti-neu-n-1-standard-1-1-0;;Paired-end (28 X 90);V10M23-089;C1;Spatial 3' v1;;mm10-2020-A;spaceranger-1.1.0;2,903;51,648;4,635;21,474;;;;;;
104ee;Adult Human (Cerebral Cortex, Unknown orientation). Stains: Anti-SNAP25, Anti-NFH;Adult Human (Cerebral Cortex, Unknown orientation), 2 Sections;;Spatial Gene Expression;Space Ranger v1.1.0;Human;unknown;Fresh Frozen;DAPI|IF;Specimen from Organism;1;adult stage;;2020-06-23;Section 2;Visium;Creative Commons Attribution 4.0 International;brain;Visium v1;RNA;unknown;;spaceranger count;https://www.10xgenomics.com/datasets/adult-human-brain-2-cerebral-cortex-unknown-orientation-stains-anti-snap-25-anti-nfh-1-standard-1-1-0;;28bp read 1 (16bp Visium spatial barcode, 12bp UMI), 90bp read 2 (transcript), 10bp i7 sample barcode and 10bp i5 sample barcode;V10M23-117;D1;Spatial 3' v1;;GRCh38-2020-A;spaceranger-1.1.0;4,972;75,668;2,924;25,711;;;;;;
10wv1;Adult Human (Cerebral Cortex, Unknown orientation). Stains: Anti-GFAP, Anti-NFH;Adult Human (Cerebral Cortex, Unknown orientation), 2 Sections;;Spatial Gene Expression;Space Ranger v1.1.0;Human;unknown;Fresh Frozen;Anti-GFAP|Anti-NFH;Specimen from Organism;1;adult stage;;2020-06-23;Section 1;Visium;Creative Commons Attribution 4.0 International;brain;Visium v1;RNA;unknown;;spaceranger count;https://www.10xgenomics.com/datasets/adult-human-brain-1-cerebral-cortex-unknown-orientation-stains-anti-gfap-anti-nfh-1-standard-1-1-0;;28bp read 1 (16bp Visium spatial barcode, 12bp UMI), 90bp read 2 (transcript), 10bp i7 sample barcode and 10bp i5 sample barcode;V10M23-117;A1;Spatial 3' v1;;GRCh38-2020-A;spaceranger-1.1.0;4,910;73,102;2,606;25,285;;;;;;
10tzs;Mouse Brain Serial;Mouse Brain Serial, 4 Sections;;Spatial Gene Expression;Space Ranger v1.0.0;Mouse;unknown;Fresh Frozen;H&E;Specimen from Organism;1;unknown;;2019-12-02;Sagittal-Posterior Section 2;Visium;Creative Commons Attribution 4.0 International;brain;Visium v1;RNA;unknown;;spaceranger count;https://www.10xgenomics.com/datasets/mouse-brain-serial-section-2-sagittal-posterior-1-standard-1-0-0;;28 x 120 bp;V19L29-035;B1;Visium V1 Slide - 3';;mm10-2020-A;spaceranger-2.0.0;3,289;73,558;4,542;21,175;Nikon Ti2-E microscope;10X objective;0.45;Color camera;10 ms;4.5X
10huw;Mouse Brain Serial;Mouse Brain Serial, 4 Sections;;Spatial Gene Expression;Space Ranger v1.0.0;Mouse;unknown;Fresh Frozen;H&E;Specimen from Organism;1;unknown;;2019-12-02;Sagittal-Anterior Section 2;Visium;Creative Commons Attribution 4.0 International;brain;Visium v1;RNA;unknown;;spaceranger count;https://www.10xgenomics.com/datasets/mouse-brain-serial-section-2-sagittal-anterior-1-standard-1-0-0;;28 x 120 bp;V19L29-035;D1;Visium V1 Slide - 3';;mm10-2020-A;spaceranger-2.0.0;2,823;129,822;5,342;21,221;Nikon Ti2-E microscope;10X objective;0.45;Color camera;10 ms;4.5X
10jff;Mouse Brain Serial;Mouse Brain Serial, 4 Sections;;Spatial Gene Expression;Space Ranger v1.0.0;Mouse;unknown;Fresh Frozen;H&E;Specimen from Organism;1;unknown;;2019-12-02;Sagittal-Posterior Section 1;Visium;Creative Commons Attribution 4.0 International;brain;Visium v1;RNA;unknown;;spaceranger count;https://www.10xgenomics.com/datasets/mouse-brain-serial-section-1-sagittal-posterior-1-standard-1-0-0;;28 x 120 bp;V19L29-035;A1;Spatial 3' v1;;mm10-2020-A;spaceranger-1.1.0;3,355;87,128;4,772;21,363;Nikon Ti2-E microscope;10X objective;0.45;Color camera;10 ms;4.5X
10224;Mouse Brain Serial;Mouse Brain Serial, 4 Sections;;Spatial Gene Expression;Space Ranger v1.0.0;Mouse;unknown;Fresh Frozen;H&E;Specimen from Organism;1;unknown;;2019-12-02;Sagittal-Anterior Section 1;Visium;Creative Commons Attribution 4.0 International;brain;Visium v1;RNA;unknown;;spaceranger count;https://www.10xgenomics.com/datasets/mouse-brain-serial-section-1-sagittal-anterior-1-standard-1-0-0;;28 x 120 bp;V19L29-035;B1;Spatial 3' v1;;mm10-2020-A;spaceranger-1.1.0;2,695;124,414;6,228;21,334;Nikon Ti2-E microscope;10X objective;0.45;Color camera;10 ms;4.5X
